8.696995783567542659e+00,7.692928268763674637e+00,1.204142616054744508e+01,-3.846464134381837319e+00
1.204142616054744508e+01,-3.846464134381837319e+00,2.174248945891885221e+00,1.923232067190918659e+00
2.174248945891885221e+00,1.923232067190918659e+00,3.010356540136861270e+00,-9.616160335954593297e-01
3.010356540136861270e+00,-9.616160335954593297e-01,5.435622364729713052e-01,4.808080167977296648e-01
5.435622364729713052e-01,4.808080167977296648e-01,7.525891350342153174e-01,-2.404040083988648324e-01
7.525891350342153174e-01,-2.404040083988648324e-01,1.358905591182428263e-01,1.202020041994324162e-01
1.358905591182428263e-01,1.202020041994324162e-01,1.881472837585538294e-01,-6.010100209971620810e-02
1.881472837585538294e-01,-6.010100209971620810e-02,3.397263977956070657e-02,3.005050104985810405e-02
3.397263977956070657e-02,3.005050104985810405e-02,4.703682093963845734e-02,-1.502525052492905203e-02
4.703682093963845734e-02,-1.502525052492905203e-02,8.493159944890176644e-03,7.512625262464526013e-03
3.895528112738006588e+00,4.320371421165875248e+00,6.268135477534878319e+00,-2.160185710582937624e+00
6.268135477534878319e+00,-2.160185710582937624e+00,9.738820281845015359e-01,1.080092855291468812e+00
9.738820281845015359e-01,1.080092855291468812e+00,1.567033869383719580e+00,-5.400464276457344059e-01
1.567033869383719580e+00,-5.400464276457344059e-01,2.434705070461253840e-01,2.700232138228672030e-01
2.434705070461253840e-01,2.700232138228672030e-01,3.917584673459298950e-01,-1.350116069114336015e-01
3.917584673459298950e-01,-1.350116069114336015e-01,6.086762676153134599e-02,6.750580345571680074e-02
6.086762676153134599e-02,6.750580345571680074e-02,9.793961683648247374e-02,-3.375290172785840037e-02
9.793961683648247374e-02,-3.375290172785840037e-02,1.521690669038283650e-02,1.687645086392920019e-02
1.153545764570493626e+00,7.748251242109956749e+00,8.325024124395204339e+00,-3.874125621054978375e+00
8.325024124395204339e+00,-3.874125621054978375e+00,2.883864411426237950e-01,1.937062810527489187e+00
2.883864411426237950e-01,1.937062810527489187e+00,2.081256031098801085e+00,-9.685314052637445936e-01
2.081256031098801085e+00,-9.685314052637445936e-01,7.209661028565594876e-02,4.842657026318722968e-01
7.209661028565594876e-02,4.842657026318722968e-01,5.203140077747002712e-01,-2.421328513159361484e-01
5.203140077747002712e-01,-2.421328513159361484e-01,1.802415257141398719e-02,1.210664256579680742e-01
1.802415257141398719e-02,1.210664256579680742e-01,1.300785019436750678e-01,-6.053321282898403710e-02
1.300785019436750678e-01,-6.053321282898403710e-02,4.506038142853496797e-03,3.026660641449201855e-02
9.493632871444953381e+00,9.404172064428546918e+00,1.415098850015102272e+01,-4.702086032214273459e+00
1.415098850015102272e+01,-4.702086032214273459e+00,2.373408217861237901e+00,2.351043016107136729e+00
2.373408217861237901e+00,2.351043016107136729e+00,3.537747125037755680e+00,-1.175521508053568365e+00
3.537747125037755680e+00,-1.175521508053568365e+00,5.933520544653094753e-01,5.877607540267841824e-01
5.933520544653094753e-01,5.877607540267841824e-01,8.844367812594389200e-01,-2.938803770133920912e-01
8.844367812594389200e-01,-2.938803770133920912e-01,1.483380136163273688e-01,1.469401885066960456e-01
1.483380136163273688e-01,1.469401885066960456e-01,2.211091953148597300e-01,-7.347009425334802279e-02
2.211091953148597300e-01,-7.347009425334802279e-02,3.708450340408184220e-02,3.673504712667401140e-02
3.708450340408184220e-02,3.673504712667401140e-02,5.527729882871493250e-02,-1.836752356333700570e-02
5.527729882871493250e-02,-1.836752356333700570e-02,9.271125851020460551e-03,9.183761781668502849e-03
3.734415488723694665e+00,2.339154362567714251e+00,4.206362106929561584e+00,-1.169577181283857126e+00
4.206362106929561584e+00,-1.169577181283857126e+00,9.336038721809236662e-01,5.847885906419285629e-01
9.336038721809236662e-01,5.847885906419285629e-01,1.051590526732390396e+00,-2.923942953209642814e-01
1.051590526732390396e+00,-2.923942953209642814e-01,2.334009680452309166e-01,1.461971476604821407e-01
2.334009680452309166e-01,1.461971476604821407e-01,2.628976316830975990e-01,-7.309857383024107036e-02
2.628976316830975990e-01,-7.309857383024107036e-02,5.835024201130772914e-02,3.654928691512053518e-02
5.835024201130772914e-02,3.654928691512053518e-02,6.572440792077439975e-02,-1.827464345756026759e-02
6.572440792077439975e-02,-1.827464345756026759e-02,1.458756050282693228e-02,9.137321728780133795e-03
6.200011743990030411e+00,4.697091958640360332e+00,7.797097830635375537e+00,-2.348545979320180166e+00
7.797097830635375537e+00,-2.348545979320180166e+00,1.550002935997507603e+00,1.174272989660090083e+00
1.550002935997507603e+00,1.174272989660090083e+00,1.949274457658843884e+00,-5.871364948300450415e-01
1.949274457658843884e+00,-5.871364948300450415e-01,3.875007339993769007e-01,2.935682474150225207e-01
3.875007339993769007e-01,2.935682474150225207e-01,4.873186144147109711e-01,-1.467841237075112604e-01
4.873186144147109711e-01,-1.467841237075112604e-01,9.687518349984422517e-02,7.339206185375563019e-02
9.687518349984422517e-02,7.339206185375563019e-02,1.218296536036777428e-01,-3.669603092687781509e-02
1.218296536036777428e-01,-3.669603092687781509e-02,2.421879587496105629e-02,1.834801546343890755e-02
2.513038858895998651e+00,7.295853403704482432e+00,8.552372833152482201e+00,-3.647926701852241216e+00
8.552372833152482201e+00,-3.647926701852241216e+00,6.282597147239998847e-01,1.823963350926120608e+00
6.282597147239998847e-01,1.823963350926120608e+00,2.138093208288120550e+00,-9.119816754630603040e-01
2.138093208288120550e+00,-9.119816754630603040e-01,1.570649286809999712e-01,4.559908377315301520e-01
1.570649286809999712e-01,4.559908377315301520e-01,5.345233020720301376e-01,-2.279954188657650760e-01
5.345233020720301376e-01,-2.279954188657650760e-01,3.926623217024999279e-02,1.139977094328825380e-01
3.926623217024999279e-02,1.139977094328825380e-01,1.336308255180075344e-01,-5.699885471644126900e-02
1.336308255180075344e-01,-5.699885471644126900e-02,9.816558042562498199e-03,2.849942735822063450e-02
9.728571217486438272e+00,1.450211904824594722e+00,6.314497513567813414e+00,-7.251059524122973610e-01
6.314497513567813414e+00,-7.251059524122973610e-01,2.432142804371609124e+00,3.625529762061486805e-01
2.432142804371609124e+00,3.625529762061486805e-01,1.578624378391953353e+00,-1.812764881030743402e-01
1.578624378391953353e+00,-1.812764881030743402e-01,6.080357010929022810e-01,9.063824405153717012e-02
6.080357010929022810e-01,9.063824405153717012e-02,3.946560945979883384e-01,-4.531912202576858506e-02
3.946560945979883384e-01,-4.531912202576858506e-02,1.520089252732255702e-01,2.265956101288429253e-02
1.520089252732255702e-01,2.265956101288429253e-02,9.866402364949708459e-02,-1.132978050644214627e-02
9.866402364949708459e-02,-1.132978050644214627e-02,3.800223131830639256e-02,5.664890253221073133e-03
3.800223131830639256e-02,5.664890253221073133e-03,2.466600591237427115e-02,-2.832445126610536566e-03
6.742510049805359174e+00,2.831590204922527665e+00,6.202845229825207696e+00,-1.415795102461263832e+00
6.202845229825207696e+00,-1.415795102461263832e+00,1.685627512451340015e+00,7.078975512306319162e-01
1.685627512451340015e+00,7.078975512306319162e-01,1.550711307456301924e+00,-3.539487756153159581e-01
1.550711307456301924e+00,-3.539487756153159581e-01,4.214068781128350039e-01,1.769743878076579791e-01
4.214068781128350039e-01,1.769743878076579791e-01,3.876778268640754810e-01,-8.848719390382898953e-02
3.876778268640754810e-01,-8.848719390382898953e-02,1.053517195282087510e-01,4.424359695191449476e-02
1.053517195282087510e-01,4.424359695191449476e-02,9.691945671601887025e-02,-2.212179847595724738e-02
9.691945671601887025e-02,-2.212179847595724738e-02,2.633792988205218774e-02,1.106089923797862369e-02
2.756942862415951545e+00,1.630732007733651567e+00,3.009203438941627340e+00,-8.153660038668257837e-01
3.009203438941627340e+00,-8.153660038668257837e-01,6.892357156039878863e-01,4.076830019334128918e-01
6.892357156039878863e-01,4.076830019334128918e-01,7.523008597354068350e-01,-2.038415009667064459e-01
7.523008597354068350e-01,-2.038415009667064459e-01,1.723089289009969716e-01,1.019207504833532230e-01
1.723089289009969716e-01,1.019207504833532230e-01,1.880752149338517087e-01,-5.096037524167661148e-02
1.880752149338517087e-01,-5.096037524167661148e-02,4.307723222524924289e-02,2.548018762083830574e-02
4.307723222524924289e-02,2.548018762083830574e-02,4.701880373346292719e-02,-1.274009381041915287e-02
4.701880373346292719e-02,-1.274009381041915287e-02,1.076930805631231072e-02,6.370046905209576435e-03
2.235876242351122922e+00,7.418596477211144347e+00,8.536534598386705142e+00,-3.709298238605572173e+00
8.536534598386705142e+00,-3.709298238605572173e+00,5.589690605877803975e-01,1.854649119302786087e+00
5.589690605877803975e-01,1.854649119302786087e+00,2.134133649596676285e+00,-9.273245596513930433e-01
2.134133649596676285e+00,-9.273245596513930433e-01,1.397422651469450994e-01,4.636622798256965217e-01
1.397422651469450994e-01,4.636622798256965217e-01,5.335334123991690713e-01,-2.318311399128482608e-01
5.335334123991690713e-01,-2.318311399128482608e-01,3.493556628673627484e-02,1.159155699564241304e-01
3.493556628673627484e-02,1.159155699564241304e-01,1.333833530997922678e-01,-5.795778497821206521e-02
1.333833530997922678e-01,-5.795778497821206521e-02,8.733891571684068711e-03,2.897889248910603260e-02
6.480098123048788850e+00,6.875800902048977647e+00,1.011584996357337118e+01,-3.437900451024488824e+00
1.011584996357337118e+01,-3.437900451024488824e+00,1.620024530762196768e+00,1.718950225512244412e+00
1.620024530762196768e+00,1.718950225512244412e+00,2.528962490893342796e+00,-8.594751127561222059e-01
2.528962490893342796e+00,-8.594751127561222059e-01,4.050061326905491921e-01,4.297375563780611030e-01
4.050061326905491921e-01,4.297375563780611030e-01,6.322406227233356990e-01,-2.148687781890305515e-01
6.322406227233356990e-01,-2.148687781890305515e-01,1.012515331726372980e-01,1.074343890945152757e-01
1.012515331726372980e-01,1.074343890945152757e-01,1.580601556808339248e-01,-5.371719454725763787e-02
1.580601556808339248e-01,-5.371719454725763787e-02,2.531288329315932450e-02,2.685859727362881894e-02
2.531288329315932450e-02,2.685859727362881894e-02,3.951503892020848119e-02,-1.342929863681440947e-02
3.951503892020848119e-02,-1.342929863681440947e-02,6.328220823289831126e-03,6.714649318407204734e-03
2.982799456327192456e+00,3.198714770196678270e+00,4.690114498360274276e+00,-1.599357385098339135e+00
4.690114498360274276e+00,-1.599357385098339135e+00,7.456998640817980029e-01,7.996786925491695674e-01
7.456998640817980029e-01,7.996786925491695674e-01,1.172528624590068569e+00,-3.998393462745847837e-01
1.172528624590068569e+00,-3.998393462745847837e-01,1.864249660204495007e-01,1.999196731372923919e-01
1.864249660204495007e-01,1.999196731372923919e-01,2.931321561475171422e-01,-9.995983656864619593e-02
2.931321561475171422e-01,-9.995983656864619593e-02,4.660624150511237518e-02,4.997991828432309797e-02
4.660624150511237518e-02,4.997991828432309797e-02,7.328303903687928555e-02,-2.498995914216154898e-02
7.328303903687928555e-02,-2.498995914216154898e-02,1.165156037627809379e-02,1.249497957108077449e-02
7.927272809915464791e+00,3.161199035757842779e+00,7.124835440715575174e+00,-1.580599517878921390e+00
7.124835440715575174e+00,-1.580599517878921390e+00,1.981818202478866198e+00,7.902997589394606948e-01
1.981818202478866198e+00,7.902997589394606948e-01,1.781208860178893794e+00,-3.951498794697303474e-01
1.781208860178893794e+00,-3.951498794697303474e-01,4.954545506197165494e-01,1.975749397348651737e-01
4.954545506197165494e-01,1.975749397348651737e-01,4.453022150447234484e-01,-9.878746986743258685e-02
4.453022150447234484e-01,-9.878746986743258685e-02,1.238636376549291374e-01,4.939373493371629342e-02
1.238636376549291374e-01,4.939373493371629342e-02,1.113255537611808621e-01,-2.469686746685814671e-02
1.113255537611808621e-01,-2.469686746685814671e-02,3.096590941373228434e-02,1.234843373342907336e-02
3.096590941373228434e-02,1.234843373342907336e-02,2.783138844029521553e-02,-6.174216866714536678e-03
3.977312361256762685e+00,5.157351988687011612e+00,7.146008169315392955e+00,-2.578675994343505806e+00
7.146008169315392955e+00,-2.578675994343505806e+00,9.943280903141906713e-01,1.289337997171752903e+00
9.943280903141906713e-01,1.289337997171752903e+00,1.786502042328848239e+00,-6.446689985858764516e-01
1.786502042328848239e+00,-6.446689985858764516e-01,2.485820225785476678e-01,3.223344992929382258e-01
2.485820225785476678e-01,3.223344992929382258e-01,4.466255105822120597e-01,-1.611672496464691129e-01
4.466255105822120597e-01,-1.611672496464691129e-01,6.214550564463691695e-02,8.058362482323455644e-02
6.214550564463691695e-02,8.058362482323455644e-02,1.116563776455530149e-01,-4.029181241161727822e-02
1.116563776455530149e-01,-4.029181241161727822e-02,1.553637641115922924e-02,2.014590620580863911e-02
7.334599846092018538e+00,7.741684534141375806e+00,1.140898445718738508e+01,-3.870842267070687903e+00
1.140898445718738508e+01,-3.870842267070687903e+00,1.833649961523004635e+00,1.935421133535343952e+00
1.833649961523004635e+00,1.935421133535343952e+00,2.852246114296846269e+00,-9.677105667676719758e-01
2.852246114296846269e+00,-9.677105667676719758e-01,4.584124903807511586e-01,4.838552833838359879e-01
4.584124903807511586e-01,4.838552833838359879e-01,7.130615285742115672e-01,-2.419276416919179939e-01
7.130615285742115672e-01,-2.419276416919179939e-01,1.146031225951877897e-01,1.209638208459589970e-01
1.146031225951877897e-01,1.209638208459589970e-01,1.782653821435528918e-01,-6.048191042297949849e-02
1.782653821435528918e-01,-6.048191042297949849e-02,2.865078064879694741e-02,3.024095521148974924e-02
2.865078064879694741e-02,3.024095521148974924e-02,4.456634553588822295e-02,-1.512047760574487462e-02
4.456634553588822295e-02,-1.512047760574487462e-02,7.162695162199236854e-03,7.560238802872437311e-03
6.345015641501117187e+00,5.268183625047790919e+00,8.440691445798350401e+00,-2.634091812523895459e+00
8.440691445798350401e+00,-2.634091812523895459e+00,1.586253910375279741e+00,1.317045906261947730e+00
1.586253910375279741e+00,1.317045906261947730e+00,2.110172861449587600e+00,-6.585229531309738649e-01
2.110172861449587600e+00,-6.585229531309738649e-01,3.965634775938199352e-01,3.292614765654869324e-01
3.965634775938199352e-01,3.292614765654869324e-01,5.275432153623969000e-01,-1.646307382827434662e-01
5.275432153623969000e-01,-1.646307382827434662e-01,9.914086939845498381e-02,8.231536914137173311e-02
9.914086939845498381e-02,8.231536914137173311e-02,1.318858038405992250e-01,-4.115768457068586655e-02
1.318858038405992250e-01,-4.115768457068586655e-02,2.478521734961374595e-02,2.057884228534293328e-02
2.478521734961374595e-02,2.057884228534293328e-02,3.297145096014980625e-02,-1.028942114267146664e-02
3.297145096014980625e-02,-1.028942114267146664e-02,6.196304337403436488e-03,5.144710571335733319e-03
9.711883800954419499e+00,2.746766900030158887e+00,7.602708800507368636e+00,-1.373383450015079443e+00
7.602708800507368636e+00,-1.373383450015079443e+00,2.427970950238604875e+00,6.866917250075397217e-01
2.427970950238604875e+00,6.866917250075397217e-01,1.900677200126842159e+00,-3.433458625037698608e-01
1.900677200126842159e+00,-3.433458625037698608e-01,6.069927375596512187e-01,1.716729312518849304e-01
6.069927375596512187e-01,1.716729312518849304e-01,4.751693000317105398e-01,-8.583646562594246521e-02
4.751693000317105398e-01,-8.583646562594246521e-02,1.517481843899128047e-01,4.291823281297123260e-02
1.517481843899128047e-01,4.291823281297123260e-02,1.187923250079276349e-01,-2.145911640648561630e-02
1.187923250079276349e-01,-2.145911640648561630e-02,3.793704609747820117e-02,1.072955820324280815e-02
3.793704609747820117e-02,1.072955820324280815e-02,2.969808125198190873e-02,-5.364779101621404075e-03
3.296023768998719738e+00,3.621999692455124542e+00,5.270011576954484411e+00,-1.810999846227562271e+00
5.270011576954484411e+00,-1.810999846227562271e+00,8.240059422496799346e-01,9.054999231137811355e-01
8.240059422496799346e-01,9.054999231137811355e-01,1.317502894238621103e+00,-4.527499615568905678e-01
1.317502894238621103e+00,-4.527499615568905678e-01,2.060014855624199837e-01,2.263749807784452839e-01
2.060014855624199837e-01,2.263749807784452839e-01,3.293757235596552757e-01,-1.131874903892226419e-01
3.293757235596552757e-01,-1.131874903892226419e-01,5.150037139060499591e-02,5.659374519461132097e-02
5.150037139060499591e-02,5.659374519461132097e-02,8.234393088991381893e-02,-2.829687259730566048e-02
8.234393088991381893e-02,-2.829687259730566048e-02,1.287509284765124898e-02,1.414843629865283024e-02
7.958257256937234736e+00,4.142893782941018621e+00,8.122022411409636433e+00,-2.071446891470509311e+00
8.122022411409636433e+00,-2.071446891470509311e+00,1.989564314234308906e+00,1.035723445735254655e+00
1.989564314234308906e+00,1.035723445735254655e+00,2.030505602852409108e+00,-5.178617228676273276e-01
2.030505602852409108e+00,-5.178617228676273276e-01,4.973910785585772265e-01,2.589308614338136638e-01
4.973910785585772265e-01,2.589308614338136638e-01,5.076264007131022771e-01,-1.294654307169068319e-01
5.076264007131022771e-01,-1.294654307169068319e-01,1.243477696396443066e-01,6.473271535845341595e-02
1.243477696396443066e-01,6.473271535845341595e-02,1.269066001782755693e-01,-3.236635767922670798e-02
1.269066001782755693e-01,-3.236635767922670798e-02,3.108694240991107666e-02,1.618317883961335399e-02
3.108694240991107666e-02,1.618317883961335399e-02,3.172665004456889232e-02,-8.091589419806676994e-03
3.172665004456889232e-02,-8.091589419806676994e-03,7.771735602477769164e-03,4.045794709903338497e-03
7.460335377259883494e+00,4.046530377400235245e+00,7.776698066030176548e+00,-2.023265188700117623e+00
7.776698066030176548e+00,-2.023265188700117623e+00,1.865083844314970651e+00,1.011632594350058811e+00
1.865083844314970651e+00,1.011632594350058811e+00,1.944174516507544137e+00,-5.058162971750294057e-01
1.944174516507544137e+00,-5.058162971750294057e-01,4.662709610787426628e-01,2.529081485875147028e-01
4.662709610787426628e-01,2.529081485875147028e-01,4.860436291268860343e-01,-1.264540742937573514e-01
4.860436291268860343e-01,-1.264540742937573514e-01,1.165677402696856657e-01,6.322703714687867571e-02
1.165677402696856657e-01,6.322703714687867571e-02,1.215109072817215086e-01,-3.161351857343933786e-02
1.215109072817215086e-01,-3.161351857343933786e-02,2.914193506742141643e-02,1.580675928671966893e-02
2.914193506742141643e-02,1.580675928671966893e-02,3.037772682043037714e-02,-7.903379643359834464e-03
9.032276495211950973e+00,2.469300999969517463e+00,6.985439247575492949e+00,-1.234650499984758731e+00
6.985439247575492949e+00,-1.234650499984758731e+00,2.258069123802987743e+00,6.173252499923793657e-01
2.258069123802987743e+00,6.173252499923793657e-01,1.746359811893873237e+00,-3.086626249961896828e-01
1.746359811893873237e+00,-3.086626249961896828e-01,5.645172809507469358e-01,1.543313124980948414e-01
5.645172809507469358e-01,1.543313124980948414e-01,4.365899529734683093e-01,-7.716565624904742071e-02
4.365899529734683093e-01,-7.716565624904742071e-02,1.411293202376867340e-01,3.858282812452371036e-02
1.411293202376867340e-01,3.858282812452371036e-02,1.091474882433670773e-01,-1.929141406226185518e-02
1.091474882433670773e-01,-1.929141406226185518e-02,3.528233005942168349e-02,9.645707031130927589e-03
3.528233005942168349e-02,9.645707031130927589e-03,2.728687206084176933e-02,-4.822853515565463794e-03
6.346388328971084292e+00,5.360578617091571907e+00,8.533772781577113165e+00,-2.680289308545785953e+00
8.533772781577113165e+00,-2.680289308545785953e+00,1.586597082242770629e+00,1.340144654272892977e+00
1.586597082242770629e+00,1.340144654272892977e+00,2.133443195394278291e+00,-6.700723271364464884e-01
2.133443195394278291e+00,-6.700723271364464884e-01,3.966492705606926572e-01,3.350361635682232442e-01
3.966492705606926572e-01,3.350361635682232442e-01,5.333607988485695728e-01,-1.675180817841116221e-01
5.333607988485695728e-01,-1.675180817841116221e-01,9.916231764017316430e-02,8.375904089205581105e-02
9.916231764017316430e-02,8.375904089205581105e-02,1.333401997121423932e-01,-4.187952044602790552e-02
1.333401997121423932e-01,-4.187952044602790552e-02,2.479057941004329108e-02,2.093976022301395276e-02
2.479057941004329108e-02,2.093976022301395276e-02,3.333504992803559830e-02,-1.046988011150697638e-02
3.333504992803559830e-02,-1.046988011150697638e-02,6.197644852510822769e-03,5.234940055753488190e-03
1.883792091782368949e+00,7.761372370157810785e+00,8.703268416048995704e+00,-3.880686185078905392e+00
8.703268416048995704e+00,-3.880686185078905392e+00,4.709480229455924594e-01,1.940343092539452696e+00
4.709480229455924594e-01,1.940343092539452696e+00,2.175817104012248926e+00,-9.701715462697263481e-01
2.175817104012248926e+00,-9.701715462697263481e-01,1.177370057363981148e-01,4.850857731348631741e-01
1.177370057363981148e-01,4.850857731348631741e-01,5.439542760030622315e-01,-2.425428865674315870e-01
5.439542760030622315e-01,-2.425428865674315870e-01,2.943425143409952871e-02,1.212714432837157935e-01
2.943425143409952871e-02,1.212714432837157935e-01,1.359885690007655579e-01,-6.063572164185789676e-02
1.359885690007655579e-01,-6.063572164185789676e-02,7.358562858524882178e-03,3.031786082092894838e-02
3.531441990492146132e+00,2.290424741368478401e+00,4.056145736614551467e+00,-1.145212370684239200e+00
4.056145736614551467e+00,-1.145212370684239200e+00,8.828604976230365331e-01,5.726061853421196002e-01
8.828604976230365331e-01,5.726061853421196002e-01,1.014036434153637867e+00,-2.863030926710598001e-01
1.014036434153637867e+00,-2.863030926710598001e-01,2.207151244057591333e-01,1.431515463355299000e-01
2.207151244057591333e-01,1.431515463355299000e-01,2.535091085384094667e-01,-7.157577316776495002e-02
2.535091085384094667e-01,-7.157577316776495002e-02,5.517878110143978332e-02,3.578788658388247501e-02
5.517878110143978332e-02,3.578788658388247501e-02,6.337727713460236667e-02,-1.789394329194123751e-02
6.337727713460236667e-02,-1.789394329194123751e-02,1.379469527535994583e-02,8.946971645970618753e-03
8.706022394125525921e+00,3.977863999745689938e+00,8.330875196808452898e+00,-1.988931999872844969e+00
8.330875196808452898e+00,-1.988931999872844969e+00,2.176505598531381480e+00,9.944659999364224845e-01
2.176505598531381480e+00,9.944659999364224845e-01,2.082718799202113225e+00,-4.972329999682112422e-01
2.082718799202113225e+00,-4.972329999682112422e-01,5.441263996328453700e-01,2.486164999841056211e-01
5.441263996328453700e-01,2.486164999841056211e-01,5.206796998005283061e-01,-1.243082499920528106e-01
5.206796998005283061e-01,-1.243082499920528106e-01,1.360315999082113425e-01,6.215412499602640528e-02
1.360315999082113425e-01,6.215412499602640528e-02,1.301699249501320765e-01,-3.107706249801320264e-02
1.301699249501320765e-01,-3.107706249801320264e-02,3.400789997705283563e-02,1.553853124900660132e-02
3.400789997705283563e-02,1.553853124900660132e-02,3.254248123753301913e-02,-7.769265624503300660e-03
3.254248123753301913e-02,-7.769265624503300660e-03,8.501974994263208907e-03,3.884632812251650330e-03
5.522831082563286920e+00,3.430139541801550784e+00,6.191555083083194688e+00,-1.715069770900775392e+00
6.191555083083194688e+00,-1.715069770900775392e+00,1.380707770640821952e+00,8.575348854503876961e-01
1.380707770640821952e+00,8.575348854503876961e-01,1.547888770770798672e+00,-4.287674427251938480e-01
1.547888770770798672e+00,-4.287674427251938480e-01,3.451769426602054880e-01,2.143837213625969240e-01
3.451769426602054880e-01,2.143837213625969240e-01,3.869721926926996680e-01,-1.071918606812984620e-01
3.869721926926996680e-01,-1.071918606812984620e-01,8.629423566505137200e-02,5.359593034064923101e-02
8.629423566505137200e-02,5.359593034064923101e-02,9.674304817317491700e-02,-2.679796517032461550e-02
9.674304817317491700e-02,-2.679796517032461550e-02,2.157355891626284300e-02,1.339898258516230775e-02
2.601472679473610050e+00,8.703285824686869177e+00,1.000402216442367376e+01,-4.351642912343434588e+00
1.000402216442367376e+01,-4.351642912343434588e+00,6.503681698684022905e-01,2.175821456171717294e+00
6.503681698684022905e-01,2.175821456171717294e+00,2.501005541105918439e+00,-1.087910728085858647e+00
2.501005541105918439e+00,-1.087910728085858647e+00,1.625920424671005726e-01,5.439553640429293235e-01
1.625920424671005726e-01,5.439553640429293235e-01,6.252513852764796098e-01,-2.719776820214646618e-01
6.252513852764796098e-01,-2.719776820214646618e-01,4.064801061677514316e-02,1.359888410107323309e-01
4.064801061677514316e-02,1.359888410107323309e-01,1.563128463191199025e-01,-6.799442050536616544e-02
1.563128463191199025e-01,-6.799442050536616544e-02,1.016200265419378579e-02,3.399721025268308272e-02
1.016200265419378579e-02,3.399721025268308272e-02,3.907821157977997562e-02,-1.699860512634154136e-02
3.907821157977997562e-02,-1.699860512634154136e-02,2.540500663548446447e-03,8.499302563170770680e-03
3.210474142317867319e+00,3.129233759815515992e+00,4.734470830974450095e+00,-1.564616879907757996e+00
4.734470830974450095e+00,-1.564616879907757996e+00,8.026185355794670517e-01,7.823084399538789979e-01
8.026185355794670517e-01,7.823084399538789979e-01,1.183617707743612524e+00,-3.911542199769394990e-01
1.183617707743612524e+00,-3.911542199769394990e-01,2.006546338948667629e-01,1.955771099884697495e-01
2.006546338948667629e-01,1.955771099884697495e-01,2.959044269359031309e-01,-9.778855499423487474e-02
2.959044269359031309e-01,-9.778855499423487474e-02,5.016365847371669073e-02,4.889427749711743737e-02
5.016365847371669073e-02,4.889427749711743737e-02,7.397610673397578274e-02,-2.444713874855871868e-02
7.397610673397578274e-02,-2.444713874855871868e-02,1.254091461842917268e-02,1.222356937427935934e-02
3.246782220659052420e+00,4.998869265238015558e+00,6.622260375567542212e+00,-2.499434632619007779e+00
6.622260375567542212e+00,-2.499434632619007779e+00,8.116955551647633271e-01,1.249717316309503889e+00
8.116955551647633271e-01,1.249717316309503889e+00,1.655565093891885553e+00,-6.248586581547519447e-01
1.655565093891885553e+00,-6.248586581547519447e-01,2.029238887911908318e-01,3.124293290773759724e-01
2.029238887911908318e-01,3.124293290773759724e-01,4.138912734729713883e-01,-1.562146645386879862e-01
4.138912734729713883e-01,-1.562146645386879862e-01,5.073097219779770795e-02,7.810733226934399309e-02
5.073097219779770795e-02,7.810733226934399309e-02,1.034728183682428471e-01,-3.905366613467199655e-02
1.034728183682428471e-01,-3.905366613467199655e-02,1.268274304944942699e-02,1.952683306733599827e-02
6.178119967396895618e+00,9.435858476108085924e+00,1.252491845980653373e+01,-4.717929238054042962e+00
1.252491845980653373e+01,-4.717929238054042962e+00,1.544529991849223904e+00,2.358964619027021481e+00
1.544529991849223904e+00,2.358964619027021481e+00,3.131229614951633433e+00,-1.179482309513510740e+00
3.131229614951633433e+00,-1.179482309513510740e+00,3.861324979623059761e-01,5.897411547567553702e-01
3.861324979623059761e-01,5.897411547567553702e-01,7.828074037379083583e-01,-2.948705773783776851e-01
7.828074037379083583e-01,-2.948705773783776851e-01,9.653312449057649403e-02,1.474352886891888426e-01
9.653312449057649403e-02,1.474352886891888426e-01,1.957018509344770896e-01,-7.371764434459442128e-02
1.957018509344770896e-01,-7.371764434459442128e-02,2.413328112264412351e-02,3.685882217229721064e-02
2.413328112264412351e-02,3.685882217229721064e-02,4.892546273361927239e-02,-1.842941108614860532e-02
4.892546273361927239e-02,-1.842941108614860532e-02,6.033320280661030877e-03,9.214705543074302660e-03
7.723021932612829765e+00,5.427380902075676694e+00,9.288891868382091133e+00,-2.713690451037838347e+00
9.288891868382091133e+00,-2.713690451037838347e+00,1.930755483153207219e+00,1.356845225518919174e+00
1.930755483153207219e+00,1.356845225518919174e+00,2.322222967095522783e+00,-6.784226127594595868e-01
2.322222967095522783e+00,-6.784226127594595868e-01,4.826888707883018048e-01,3.392113063797297934e-01
4.826888707883018048e-01,3.392113063797297934e-01,5.805557417738806958e-01,-1.696056531898648967e-01
5.805557417738806958e-01,-1.696056531898648967e-01,1.206722176970754512e-01,8.480282659493244835e-02
1.206722176970754512e-01,8.480282659493244835e-02,1.451389354434701739e-01,-4.240141329746622417e-02
1.451389354434701739e-01,-4.240141329746622417e-02,3.016805442426886280e-02,2.120070664873311209e-02
3.016805442426886280e-02,2.120070664873311209e-02,3.628473386086754349e-02,-1.060035332436655604e-02
3.628473386086754349e-02,-1.060035332436655604e-02,7.542013606067215700e-03,5.300176662183278022e-03
4.997121087414460483e+00,9.119605061707686033e+00,1.161816560541491583e+01,-4.559802530853843017e+00
1.161816560541491583e+01,-4.559802530853843017e+00,1.249280271853614899e+00,2.279901265426921508e+00
1.249280271853614899e+00,2.279901265426921508e+00,2.904541401353728958e+00,-1.139950632713460754e+00
2.904541401353728958e+00,-1.139950632713460754e+00,3.123200679634037247e-01,5.699753163567303771e-01
3.123200679634037247e-01,5.699753163567303771e-01,7.261353503384322394e-01,-2.849876581783651885e-01
7.261353503384322394e-01,-2.849876581783651885e-01,7.808001699085093117e-02,1.424938290891825943e-01
7.808001699085093117e-02,1.424938290891825943e-01,1.815338375846080599e-01,-7.124691454459129714e-02
1.815338375846080599e-01,-7.124691454459129714e-02,1.952000424771273279e-02,3.562345727229564857e-02
1.952000424771273279e-02,3.562345727229564857e-02,4.538345939615201496e-02,-1.781172863614782428e-02
4.538345939615201496e-02,-1.781172863614782428e-02,4.880001061928183198e-03,8.905864318073912142e-03
3.059191732426924659e+00,4.956393163549365433e+00,6.485989029762827762e+00,-2.478196581774682716e+00
6.485989029762827762e+00,-2.478196581774682716e+00,7.647979331067311648e-01,1.239098290887341358e+00
7.647979331067311648e-01,1.239098290887341358e+00,1.621497257440706941e+00,-6.195491454436706791e-01
1.621497257440706941e+00,-6.195491454436706791e-01,1.911994832766827912e-01,3.097745727218353395e-01
1.911994832766827912e-01,3.097745727218353395e-01,4.053743143601767351e-01,-1.548872863609176698e-01
4.053743143601767351e-01,-1.548872863609176698e-01,4.779987081917069780e-02,7.744364318045883488e-02
4.779987081917069780e-02,7.744364318045883488e-02,1.013435785900441838e-01,-3.872182159022941744e-02
1.013435785900441838e-01,-3.872182159022941744e-02,1.194996770479267445e-02,1.936091079511470872e-02
2.716480793317089137e+00,1.687339350325272491e+00,3.045579746983817060e+00,-8.436696751626362456e-01
3.045579746983817060e+00,-8.436696751626362456e-01,6.791201983292722844e-01,4.218348375813181228e-01
6.791201983292722844e-01,4.218348375813181228e-01,7.613949367459542650e-01,-2.109174187906590614e-01
7.613949367459542650e-01,-2.109174187906590614e-01,1.697800495823180711e-01,1.054587093953295307e-01
1.697800495823180711e-01,1.054587093953295307e-01,1.903487341864885662e-01,-5.272935469766476535e-02
1.903487341864885662e-01,-5.272935469766476535e-02,4.244501239557951777e-02,2.636467734883238268e-02
4.244501239557951777e-02,2.636467734883238268e-02,4.758718354662214156e-02,-1.318233867441619134e-02
4.758718354662214156e-02,-1.318233867441619134e-02,1.061125309889487944e-02,6.591169337208095669e-03
6.764284394220906549e+00,2.069897846275711828e+00,5.452040043386165102e+00,-1.034948923137855914e+00
5.452040043386165102e+00,-1.034948923137855914e+00,1.691071098555226637e+00,5.174744615689279570e-01
1.691071098555226637e+00,5.174744615689279570e-01,1.363010010846541276e+00,-2.587372307844639785e-01
1.363010010846541276e+00,-2.587372307844639785e-01,4.227677746388066593e-01,1.293686153922319892e-01
4.227677746388066593e-01,1.293686153922319892e-01,3.407525027116353189e-01,-6.468430769611599462e-02
3.407525027116353189e-01,-6.468430769611599462e-02,1.056919436597016648e-01,3.234215384805799731e-02
1.056919436597016648e-01,3.234215384805799731e-02,8.518812567790882972e-02,-1.617107692402899866e-02
8.518812567790882972e-02,-1.617107692402899866e-02,2.642298591492541621e-02,8.085538462014499328e-03
3.555468126775668036e+00,9.629549165680776568e+00,1.140728322906861081e+01,-4.814774582840388284e+00
1.140728322906861081e+01,-4.814774582840388284e+00,8.888670316939171201e-01,2.407387291420194142e+00
8.888670316939171201e-01,2.407387291420194142e+00,2.851820807267152702e+00,-1.203693645710097071e+00
2.851820807267152702e+00,-1.203693645710097071e+00,2.222167579234792800e-01,6.018468228550485355e-01
2.222167579234792800e-01,6.018468228550485355e-01,7.129552018167881755e-01,-3.009234114275242677e-01
7.129552018167881755e-01,-3.009234114275242677e-01,5.555418948086982001e-02,1.504617057137621339e-01
5.555418948086982001e-02,1.504617057137621339e-01,1.782388004541970439e-01,-7.523085285688106694e-02
1.782388004541970439e-01,-7.523085285688106694e-02,1.388854737021745500e-02,3.761542642844053347e-02
1.388854737021745500e-02,3.761542642844053347e-02,4.455970011354926097e-02,-1.880771321422026673e-02
4.455970011354926097e-02,-1.880771321422026673e-02,3.472136842554363750e-03,9.403856607110133367e-03
9.295545608424328421e+00,4.373782805568688481e+00,9.021555609780852691e+00,-2.186891402784344240e+00
9.021555609780852691e+00,-2.186891402784344240e+00,2.323886402106082105e+00,1.093445701392172120e+00
2.323886402106082105e+00,1.093445701392172120e+00,2.255388902445213173e+00,-5.467228506960860601e-01
2.255388902445213173e+00,-5.467228506960860601e-01,5.809716005265205263e-01,2.733614253480430301e-01
5.809716005265205263e-01,2.733614253480430301e-01,5.638472256113032932e-01,-1.366807126740215150e-01
5.638472256113032932e-01,-1.366807126740215150e-01,1.452429001316301316e-01,6.834035633701075751e-02
1.452429001316301316e-01,6.834035633701075751e-02,1.409618064028258233e-01,-3.417017816850537876e-02
1.409618064028258233e-01,-3.417017816850537876e-02,3.631072503290753289e-02,1.708508908425268938e-02
3.631072503290753289e-02,1.708508908425268938e-02,3.524045160070645583e-02,-8.542544542126344689e-03
3.524045160070645583e-02,-8.542544542126344689e-03,9.077681258226883224e-03,4.271272271063172345e-03
4.547989470476945684e+00,9.623344032776916634e+00,1.189733876801538948e+01,-4.811672016388458317e+00
1.189733876801538948e+01,-4.811672016388458317e+00,1.136997367619236421e+00,2.405836008194229159e+00
1.136997367619236421e+00,2.405836008194229159e+00,2.974334692003847369e+00,-1.202918004097114579e+00
2.974334692003847369e+00,-1.202918004097114579e+00,2.842493419048091052e-01,6.014590020485572897e-01
2.842493419048091052e-01,6.014590020485572897e-01,7.435836730009618423e-01,-3.007295010242786448e-01
7.435836730009618423e-01,-3.007295010242786448e-01,7.106233547620227631e-02,1.503647505121393224e-01
7.106233547620227631e-02,1.503647505121393224e-01,1.858959182502404606e-01,-7.518237525606966121e-02
1.858959182502404606e-01,-7.518237525606966121e-02,1.776558386905056908e-02,3.759118762803483060e-02
1.776558386905056908e-02,3.759118762803483060e-02,4.647397956256011514e-02,-1.879559381401741530e-02
4.647397956256011514e-02,-1.879559381401741530e-02,4.441395967262642269e-03,9.397796907008707651e-03
7.564173165444350033e+00,8.892381123398159559e+00,1.267446770612033546e+01,-4.446190561699079780e+00
1.267446770612033546e+01,-4.446190561699079780e+00,1.891043291361087952e+00,2.223095280849539890e+00
1.891043291361087952e+00,2.223095280849539890e+00,3.168616926530083866e+00,-1.111547640424769945e+00
3.168616926530083866e+00,-1.111547640424769945e+00,4.727608228402719881e-01,5.557738202123849725e-01
4.727608228402719881e-01,5.557738202123849725e-01,7.921542316325209665e-01,-2.778869101061924862e-01
7.921542316325209665e-01,-2.778869101061924862e-01,1.181902057100679970e-01,1.389434550530962431e-01
1.181902057100679970e-01,1.389434550530962431e-01,1.980385579081302416e-01,-6.947172752654812156e-02
1.980385579081302416e-01,-6.947172752654812156e-02,2.954755142751699926e-02,3.473586376327406078e-02
2.954755142751699926e-02,3.473586376327406078e-02,4.950963947703256041e-02,-1.736793188163703039e-02
4.950963947703256041e-02,-1.736793188163703039e-02,7.386887856879249814e-03,8.683965940818515195e-03
6.959286839917910861e+00,9.649466864239631292e+00,1.312911028419858717e+01,-4.824733432119815646e+00
1.312911028419858717e+01,-4.824733432119815646e+00,1.739821709979477937e+00,2.412366716059907823e+00
1.739821709979477937e+00,2.412366716059907823e+00,3.282277571049646792e+00,-1.206183358029953911e+00
3.282277571049646792e+00,-1.206183358029953911e+00,4.349554274948694843e-01,6.030916790149769557e-01
4.349554274948694843e-01,6.030916790149769557e-01,8.205693927624116979e-01,-3.015458395074884779e-01
8.205693927624116979e-01,-3.015458395074884779e-01,1.087388568737173711e-01,1.507729197537442389e-01
1.087388568737173711e-01,1.507729197537442389e-01,2.051423481906029245e-01,-7.538645987687211947e-02
2.051423481906029245e-01,-7.538645987687211947e-02,2.718471421842934277e-02,3.769322993843605973e-02
2.718471421842934277e-02,3.769322993843605973e-02,5.128558704765073112e-02,-1.884661496921802987e-02
5.128558704765073112e-02,-1.884661496921802987e-02,6.796178554607335692e-03,9.423307484609014933e-03
9.418544668544436504e+00,4.374537353675178153e+00,9.083809687947397293e+00,-2.187268676837589076e+00
9.083809687947397293e+00,-2.187268676837589076e+00,2.354636167136109570e+00,1.093634338418794538e+00
2.354636167136109570e+00,1.093634338418794538e+00,2.270952421986849323e+00,-5.468171692093972691e-01
2.270952421986849323e+00,-5.468171692093972691e-01,5.886590417840273926e-01,2.734085846046986346e-01
5.886590417840273926e-01,2.734085846046986346e-01,5.677381054967123308e-01,-1.367042923023493173e-01
5.677381054967123308e-01,-1.367042923023493173e-01,1.471647604460068481e-01,6.835214615117465864e-02
1.471647604460068481e-01,6.835214615117465864e-02,1.419345263741780827e-01,-3.417607307558732932e-02
1.419345263741780827e-01,-3.417607307558732932e-02,3.679119011150171203e-02,1.708803653779366466e-02
3.679119011150171203e-02,1.708803653779366466e-02,3.548363159354452068e-02,-8.544018268896832330e-03
3.548363159354452068e-02,-8.544018268896832330e-03,9.197797527875428009e-03,4.272009134448416165e-03
2.278747812910529635e+00,1.966594150991907597e+00,3.105968057447172193e+00,-9.832970754959537985e-01
3.105968057447172193e+00,-9.832970754959537985e-01,5.696869532276322978e-01,4.916485377479768992e-01
5.696869532276322978e-01,4.916485377479768992e-01,7.764920143617930481e-01,-2.458242688739884496e-01
7.764920143617930481e-01,-2.458242688739884496e-01,1.424217383069080745e-01,1.229121344369942248e-01
1.424217383069080745e-01,1.229121344369942248e-01,1.941230035904482620e-01,-6.145606721849711240e-02
1.941230035904482620e-01,-6.145606721849711240e-02,3.560543457672701861e-02,3.072803360924855620e-02
3.560543457672701861e-02,3.072803360924855620e-02,4.853075089761206551e-02,-1.536401680462427810e-02
4.853075089761206551e-02,-1.536401680462427810e-02,8.901358644181754654e-03,7.682008402312139050e-03
9.894695979856599877e+00,1.913922510739932914e+00,6.861270500668233296e+00,-9.569612553699664570e-01
6.861270500668233296e+00,-9.569612553699664570e-01,2.473673994964149969e+00,4.784806276849832285e-01
2.473673994964149969e+00,4.784806276849832285e-01,1.715317625167058324e+00,-2.392403138424916142e-01
1.715317625167058324e+00,-2.392403138424916142e-01,6.184184987410374923e-01,1.196201569212458071e-01
6.184184987410374923e-01,1.196201569212458071e-01,4.288294062917645810e-01,-5.981007846062290356e-02
4.288294062917645810e-01,-5.981007846062290356e-02,1.546046246852593731e-01,2.990503923031145178e-02
1.546046246852593731e-01,2.990503923031145178e-02,1.072073515729411453e-01,-1.495251961515572589e-02
1.072073515729411453e-01,-1.495251961515572589e-02,3.865115617131484327e-02,7.476259807577862945e-03
3.865115617131484327e-02,7.476259807577862945e-03,2.680183789323528631e-02,-3.738129903788931473e-03
8.142969915215145349e+00,1.604683564358865500e+00,5.676168521966438618e+00,-8.023417821794327498e-01
5.676168521966438618e+00,-8.023417821794327498e-01,2.035742478803786781e+00,4.011708910897163749e-01
2.035742478803786781e+00,4.011708910897163749e-01,1.419042130491609655e+00,-2.005854455448581874e-01
1.419042130491609655e+00,-2.005854455448581874e-01,5.089356197009466953e-01,1.002927227724290937e-01
5.089356197009466953e-01,1.002927227724290937e-01,3.547605326229024136e-01,-5.014636138621454686e-02
3.547605326229024136e-01,-5.014636138621454686e-02,1.272339049252366738e-01,2.507318069310727343e-02
1.272339049252366738e-01,2.507318069310727343e-02,8.869013315572560341e-02,-1.253659034655363672e-02
8.869013315572560341e-02,-1.253659034655363672e-02,3.180847623130916846e-02,6.268295173276818358e-03
3.180847623130916846e-02,6.268295173276818358e-03,2.217253328893140085e-02,-3.134147586638409179e-03
2.332807249429375229e+00,8.909455734385748116e+00,1.007585935910043595e+01,-4.454727867192874058e+00
1.007585935910043595e+01,-4.454727867192874058e+00,5.832018123573439183e-01,2.227363933596437029e+00
5.832018123573439183e-01,2.227363933596437029e+00,2.518964839775108988e+00,-1.113681966798218514e+00
2.518964839775108988e+00,-1.113681966798218514e+00,1.458004530893359796e-01,5.568409833991092572e-01
1.458004530893359796e-01,5.568409833991092572e-01,6.297412099437772470e-01,-2.784204916995546286e-01
6.297412099437772470e-01,-2.784204916995546286e-01,3.645011327233399490e-02,1.392102458497773143e-01
3.645011327233399490e-02,1.392102458497773143e-01,1.574353024859443118e-01,-6.960512292488865715e-02
1.574353024859443118e-01,-6.960512292488865715e-02,9.112528318083498724e-03,3.480256146244432858e-02
9.112528318083498724e-03,3.480256146244432858e-02,3.935882562148607794e-02,-1.740128073122216429e-02
3.935882562148607794e-02,-1.740128073122216429e-02,2.278132079520874681e-03,8.700640365611082144e-03
7.238847236583335842e+00,7.520358301444663773e+00,1.113978191973633258e+01,-3.760179150722331887e+00
1.113978191973633258e+01,-3.760179150722331887e+00,1.809711809145834405e+00,1.880089575361165943e+00
1.809711809145834405e+00,1.880089575361165943e+00,2.784945479934083146e+00,-9.400447876805829717e-01
2.784945479934083146e+00,-9.400447876805829717e-01,4.524279522864586012e-01,4.700223938402914858e-01
4.524279522864586012e-01,4.700223938402914858e-01,6.962363699835207864e-01,-2.350111969201457429e-01
6.962363699835207864e-01,-2.350111969201457429e-01,1.131069880716146503e-01,1.175055984600728715e-01
1.131069880716146503e-01,1.175055984600728715e-01,1.740590924958801966e-01,-5.875279923003643573e-02
1.740590924958801966e-01,-5.875279923003643573e-02,2.827674701790366257e-02,2.937639961501821786e-02
2.827674701790366257e-02,2.937639961501821786e-02,4.351477312397004915e-02,-1.468819980750910893e-02
4.351477312397004915e-02,-1.468819980750910893e-02,7.069186754475915643e-03,7.344099903754554466e-03
4.240256746751109418e+00,9.719986879775799338e+00,1.184011525315135316e+01,-4.859993439887899669e+00
1.184011525315135316e+01,-4.859993439887899669e+00,1.060064186687776910e+00,2.429996719943949834e+00
1.060064186687776910e+00,2.429996719943949834e+00,2.960028813287838290e+00,-1.214998359971974917e+00
2.960028813287838290e+00,-1.214998359971974917e+00,2.650160466719442276e-01,6.074991799859874586e-01
2.650160466719442276e-01,6.074991799859874586e-01,7.400072033219595724e-01,-3.037495899929937293e-01
7.400072033219595724e-01,-3.037495899929937293e-01,6.625401166798605690e-02,1.518747949964968647e-01
6.625401166798605690e-02,1.518747949964968647e-01,1.850018008304898931e-01,-7.593739749824843233e-02
1.850018008304898931e-01,-7.593739749824843233e-02,1.656350291699651422e-02,3.796869874912421616e-02
1.656350291699651422e-02,3.796869874912421616e-02,4.625045020762247328e-02,-1.898434937456210808e-02
4.625045020762247328e-02,-1.898434937456210808e-02,4.140875729249128556e-03,9.492174687281054041e-03
6.402860623865664458e+00,5.463233120219017636e+00,8.664663432151849420e+00,-2.731616560109508818e+00
8.664663432151849420e+00,-2.731616560109508818e+00,1.600715155966415892e+00,1.365808280054754409e+00
1.600715155966415892e+00,1.365808280054754409e+00,2.166165858037962355e+00,-6.829041400273772044e-01
2.166165858037962355e+00,-6.829041400273772044e-01,4.001787889916039731e-01,3.414520700136886022e-01
4.001787889916039731e-01,3.414520700136886022e-01,5.415414645094905888e-01,-1.707260350068443011e-01
5.415414645094905888e-01,-1.707260350068443011e-01,1.000446972479009933e-01,8.536301750342215056e-02
1.000446972479009933e-01,8.536301750342215056e-02,1.353853661273726472e-01,-4.268150875171107528e-02
1.353853661273726472e-01,-4.268150875171107528e-02,2.501117431197524832e-02,2.134075437585553764e-02
2.501117431197524832e-02,2.134075437585553764e-02,3.384634153184316180e-02,-1.067037718792776882e-02
3.384634153184316180e-02,-1.067037718792776882e-02,6.252793577993812080e-03,5.335188593963884410e-03
8.424066952600146152e+00,3.587292923688683466e+00,7.799326399988756542e+00,-1.793646461844341733e+00
7.799326399988756542e+00,-1.793646461844341733e+00,2.106016738150036538e+00,8.968232309221708665e-01
2.106016738150036538e+00,8.968232309221708665e-01,1.949831599997189135e+00,-4.484116154610854332e-01
1.949831599997189135e+00,-4.484116154610854332e-01,5.265041845375091345e-01,2.242058077305427166e-01
5.265041845375091345e-01,2.242058077305427166e-01,4.874578999992972839e-01,-1.121029038652713583e-01
4.874578999992972839e-01,-1.121029038652713583e-01,1.316260461343772836e-01,5.605145193263567915e-02
1.316260461343772836e-01,5.605145193263567915e-02,1.218644749998243210e-01,-2.802572596631783958e-02
1.218644749998243210e-01,-2.802572596631783958e-02,3.290651153359432091e-02,1.401286298315891979e-02
3.290651153359432091e-02,1.401286298315891979e-02,3.046611874995608024e-02,-7.006431491579459894e-03
6.397812354608503504e+00,4.264941312811642682e+00,7.463847490115893990e+00,-2.132470656405821341e+00
7.463847490115893990e+00,-2.132470656405821341e+00,1.599453088652125654e+00,1.066235328202910670e+00
1.599453088652125654e+00,1.066235328202910670e+00,1.865961872528973498e+00,-5.331176641014553352e-01
1.865961872528973498e+00,-5.331176641014553352e-01,3.998632721630314135e-01,2.665588320507276676e-01
3.998632721630314135e-01,2.665588320507276676e-01,4.664904681322433744e-01,-1.332794160253638338e-01
4.664904681322433744e-01,-1.332794160253638338e-01,9.996581804075785338e-02,6.663970801268191690e-02
9.996581804075785338e-02,6.663970801268191690e-02,1.166226170330608436e-01,-3.331985400634095845e-02
1.166226170330608436e-01,-3.331985400634095845e-02,2.499145451018946334e-02,1.665992700317047923e-02
9.603202736753173596e+00,1.503753454033559978e+00,6.305354822410146554e+00,-7.518767270167799888e-01
6.305354822410146554e+00,-7.518767270167799888e-01,2.400800684188293399e+00,3.759383635083899944e-01
2.400800684188293399e+00,3.759383635083899944e-01,1.576338705602536638e+00,-1.879691817541949972e-01
1.576338705602536638e+00,-1.879691817541949972e-01,6.002001710470733498e-01,9.398459087709749860e-02
6.002001710470733498e-01,9.398459087709749860e-02,3.940846764006341596e-01,-4.699229543854874930e-02
3.940846764006341596e-01,-4.699229543854874930e-02,1.500500427617683374e-01,2.349614771927437465e-02
1.500500427617683374e-01,2.349614771927437465e-02,9.852116910015853990e-02,-1.174807385963718732e-02
9.852116910015853990e-02,-1.174807385963718732e-02,3.751251069044208436e-02,5.874036929818593662e-03
3.751251069044208436e-02,5.874036929818593662e-03,2.463029227503963497e-02,-2.937018464909296831e-03
5.243462914552912579e+00,9.968332306221828532e+00,1.259006376349828571e+01,-4.984166153110914266e+00
1.259006376349828571e+01,-4.984166153110914266e+00,1.310865728638228589e+00,2.492083076555457133e+00
1.310865728638228589e+00,2.492083076555457133e+00,3.147515940874571427e+00,-1.246041538277728566e+00
3.147515940874571427e+00,-1.246041538277728566e+00,3.277164321595571472e-01,6.230207691388642832e-01
3.277164321595571472e-01,6.230207691388642832e-01,7.868789852186428568e-01,-3.115103845694321416e-01
7.868789852186428568e-01,-3.115103845694321416e-01,8.192910803988928681e-02,1.557551922847160708e-01
8.192910803988928681e-02,1.557551922847160708e-01,1.967197463046607142e-01,-7.787759614235803540e-02
1.967197463046607142e-01,-7.787759614235803540e-02,2.048227700997232170e-02,3.893879807117901770e-02
2.048227700997232170e-02,3.893879807117901770e-02,4.917993657616517855e-02,-1.946939903558950885e-02
4.917993657616517855e-02,-1.946939903558950885e-02,5.120569252493080425e-03,9.734699517794754425e-03
7.806501510263598398e+00,1.842381245101774701e+00,5.745632000233573677e+00,-9.211906225508873503e-01
5.745632000233573677e+00,-9.211906225508873503e-01,1.951625377565899377e+00,4.605953112754436751e-01
1.951625377565899377e+00,4.605953112754436751e-01,1.436408000058393419e+00,-2.302976556377218376e-01
1.436408000058393419e+00,-2.302976556377218376e-01,4.879063443914748444e-01,1.151488278188609188e-01
4.879063443914748444e-01,1.151488278188609188e-01,3.591020000145983548e-01,-5.757441390943045939e-02
3.591020000145983548e-01,-5.757441390943045939e-02,1.219765860978687111e-01,2.878720695471522970e-02
1.219765860978687111e-01,2.878720695471522970e-02,8.977550000364958871e-02,-1.439360347735761485e-02
8.977550000364958871e-02,-1.439360347735761485e-02,3.049414652446717777e-02,7.196801738678807424e-03
3.991297658158308614e+00,7.308447223200313481e+00,9.304096052279467344e+00,-3.654223611600156740e+00
9.304096052279467344e+00,-3.654223611600156740e+00,9.978244145395769316e-01,1.827111805800078370e+00
9.978244145395769316e-01,1.827111805800078370e+00,2.326024013069866836e+00,-9.135559029000391851e-01
2.326024013069866836e+00,-9.135559029000391851e-01,2.494561036348942329e-01,4.567779514500195925e-01
2.494561036348942329e-01,4.567779514500195925e-01,5.815060032674667090e-01,-2.283889757250097963e-01
5.815060032674667090e-01,-2.283889757250097963e-01,6.236402590872355822e-02,1.141944878625048981e-01
6.236402590872355822e-02,1.141944878625048981e-01,1.453765008168666772e-01,-5.709724393125244907e-02
1.453765008168666772e-01,-5.709724393125244907e-02,1.559100647718088956e-02,2.854862196562622453e-02
1.559100647718088956e-02,2.854862196562622453e-02,3.634412520421666931e-02,-1.427431098281311227e-02
3.634412520421666931e-02,-1.427431098281311227e-02,3.897751619295222389e-03,7.137155491406556133e-03
8.693759109773708360e+00,2.742739595327300606e+00,7.089619150214154786e+00,-1.371369797663650303e+00
7.089619150214154786e+00,-1.371369797663650303e+00,2.173439777443427090e+00,6.856848988318251514e-01
2.173439777443427090e+00,6.856848988318251514e-01,1.772404787553538696e+00,-3.428424494159125757e-01
1.772404787553538696e+00,-3.428424494159125757e-01,5.433599443608567725e-01,1.714212247079562879e-01
5.433599443608567725e-01,1.714212247079562879e-01,4.431011968883846741e-01,-8.571061235397814393e-02
4.431011968883846741e-01,-8.571061235397814393e-02,1.358399860902141931e-01,4.285530617698907196e-02
1.358399860902141931e-01,4.285530617698907196e-02,1.107752992220961685e-01,-2.142765308849453598e-02
1.107752992220961685e-01,-2.142765308849453598e-02,3.395999652255354828e-02,1.071382654424726799e-02
3.395999652255354828e-02,1.071382654424726799e-02,2.769382480552404213e-02,-5.356913272123633996e-03
4.231113578466267455e+00,3.762613680468674726e+00,5.878170469701808898e+00,-1.881306840234337363e+00
5.878170469701808898e+00,-1.881306840234337363e+00,1.057778394616567086e+00,9.406534201171686815e-01
1.057778394616567086e+00,9.406534201171686815e-01,1.469542617425452224e+00,-4.703267100585843408e-01
1.469542617425452224e+00,-4.703267100585843408e-01,2.644445986541417715e-01,2.351633550292921704e-01
2.644445986541417715e-01,2.351633550292921704e-01,3.673856543563630561e-01,-1.175816775146460852e-01
3.673856543563630561e-01,-1.175816775146460852e-01,6.611114966353544287e-02,5.879083875732304260e-02
6.611114966353544287e-02,5.879083875732304260e-02,9.184641358909076403e-02,-2.939541937866152130e-02
9.184641358909076403e-02,-2.939541937866152130e-02,1.652778741588386072e-02,1.469770968933076065e-02
1.777622939175984129e+00,8.383324466867570379e+00,9.272135936455562444e+00,-4.191662233433785190e+00
9.272135936455562444e+00,-4.191662233433785190e+00,4.444057347939960323e-01,2.095831116716892595e+00
4.444057347939960323e-01,2.095831116716892595e+00,2.318033984113890611e+00,-1.047915558358446297e+00
2.318033984113890611e+00,-1.047915558358446297e+00,1.111014336984990081e-01,5.239577791792231487e-01
1.111014336984990081e-01,5.239577791792231487e-01,5.795084960284726527e-01,-2.619788895896115744e-01
5.795084960284726527e-01,-2.619788895896115744e-01,2.777535842462475202e-02,1.309894447948057872e-01
2.777535842462475202e-02,1.309894447948057872e-01,1.448771240071181632e-01,-6.549472239740289359e-02
1.448771240071181632e-01,-6.549472239740289359e-02,6.943839606156188005e-03,3.274736119870144679e-02
6.943839606156188005e-03,3.274736119870144679e-02,3.621928100177954080e-02,-1.637368059935072340e-02
3.621928100177954080e-02,-1.637368059935072340e-02,1.735959901539047001e-03,8.186840299675361698e-03
5.668972942051456521e+00,2.484359540232159436e+00,5.318846011257887696e+00,-1.242179770116079718e+00
5.318846011257887696e+00,-1.242179770116079718e+00,1.417243235512864130e+00,6.210898850580398589e-01
1.417243235512864130e+00,6.210898850580398589e-01,1.329711502814471924e+00,-3.105449425290199295e-01
1.329711502814471924e+00,-3.105449425290199295e-01,3.543108088782160325e-01,1.552724712645099647e-01
3.543108088782160325e-01,1.552724712645099647e-01,3.324278757036179810e-01,-7.763623563225498236e-02
3.324278757036179810e-01,-7.763623563225498236e-02,8.857770221955400813e-02,3.881811781612749118e-02
8.857770221955400813e-02,3.881811781612749118e-02,8.310696892590449525e-02,-1.940905890806374559e-02
8.310696892590449525e-02,-1.940905890806374559e-02,2.214442555488850203e-02,9.704529454031872795e-03
7.783109574917157047e+00,6.297750886167902351e+00,1.018930567362648176e+01,-3.148875443083951176e+00
1.018930567362648176e+01,-3.148875443083951176e+00,1.945777393729289706e+00,1.574437721541975588e+00
1.945777393729289706e+00,1.574437721541975588e+00,2.547326418406620441e+00,-7.872188607709877939e-01
2.547326418406620441e+00,-7.872188607709877939e-01,4.864443484323224265e-01,3.936094303854938969e-01
4.864443484323224265e-01,3.936094303854938969e-01,6.368316046016551102e-01,-1.968047151927469485e-01
6.368316046016551102e-01,-1.968047151927469485e-01,1.216110871080806066e-01,9.840235759637347424e-02
1.216110871080806066e-01,9.840235759637347424e-02,1.592079011504137775e-01,-4.920117879818673712e-02
1.592079011504137775e-01,-4.920117879818673712e-02,3.040277177702015166e-02,2.460058939909336856e-02
3.040277177702015166e-02,2.460058939909336856e-02,3.980197528760344439e-02,-1.230029469954668428e-02
3.980197528760344439e-02,-1.230029469954668428e-02,7.600692944255037914e-03,6.150147349773342140e-03
4.741237647010498435e+00,7.779619065928195631e+00,1.015023788943344485e+01,-3.889809532964097816e+00
1.015023788943344485e+01,-3.889809532964097816e+00,1.185309411752624609e+00,1.944904766482048908e+00
1.185309411752624609e+00,1.944904766482048908e+00,2.537559472358361212e+00,-9.724523832410244539e-01
2.537559472358361212e+00,-9.724523832410244539e-01,2.963273529381561522e-01,4.862261916205122270e-01
2.963273529381561522e-01,4.862261916205122270e-01,6.343898680895903031e-01,-2.431130958102561135e-01
6.343898680895903031e-01,-2.431130958102561135e-01,7.408183823453903805e-02,1.215565479051280567e-01
7.408183823453903805e-02,1.215565479051280567e-01,1.585974670223975758e-01,-6.077827395256402837e-02
1.585974670223975758e-01,-6.077827395256402837e-02,1.852045955863475951e-02,3.038913697628201419e-02
1.852045955863475951e-02,3.038913697628201419e-02,3.964936675559939394e-02,-1.519456848814100709e-02
3.964936675559939394e-02,-1.519456848814100709e-02,4.630114889658689878e-03,7.597284244070503546e-03
7.088887094166880232e+00,7.133621766952916055e+00,1.067806531403635617e+01,-3.566810883476458027e+00
1.067806531403635617e+01,-3.566810883476458027e+00,1.772221773541720058e+00,1.783405441738229014e+00
1.772221773541720058e+00,1.783405441738229014e+00,2.669516328509089043e+00,-8.917027208691145068e-01
2.669516328509089043e+00,-8.917027208691145068e-01,4.430554433854300145e-01,4.458513604345572534e-01
4.430554433854300145e-01,4.458513604345572534e-01,6.673790821272722606e-01,-2.229256802172786267e-01
6.673790821272722606e-01,-2.229256802172786267e-01,1.107638608463575036e-01,1.114628401086393134e-01
1.107638608463575036e-01,1.114628401086393134e-01,1.668447705318180652e-01,-5.573142005431965668e-02
1.668447705318180652e-01,-5.573142005431965668e-02,2.769096521158937591e-02,2.786571002715982834e-02
2.769096521158937591e-02,2.786571002715982834e-02,4.171119263295451629e-02,-1.393285501357991417e-02
4.171119263295451629e-02,-1.393285501357991417e-02,6.922741302897343976e-03,6.966427506789957085e-03
4.382614521819057529e+00,6.049914576736184380e+00,8.241221837645714032e+00,-3.024957288368092190e+00
8.241221837645714032e+00,-3.024957288368092190e+00,1.095653630454764826e+00,1.512478644184046095e+00
1.095653630454764826e+00,1.512478644184046095e+00,2.060305459411428508e+00,-7.562393220920230474e-01
2.060305459411428508e+00,-7.562393220920230474e-01,2.739134076136912066e-01,3.781196610460115237e-01
2.739134076136912066e-01,3.781196610460115237e-01,5.150763648528571270e-01,-1.890598305230057619e-01
5.150763648528571270e-01,-1.890598305230057619e-01,6.847835190342280165e-02,9.452991526150288093e-02
6.847835190342280165e-02,9.452991526150288093e-02,1.287690912132142818e-01,-4.726495763075144046e-02
1.287690912132142818e-01,-4.726495763075144046e-02,1.711958797585570041e-02,2.363247881537572023e-02
8.032969669006876146e+00,7.847593245780264404e+00,1.186407808028370248e+01,-3.923796622890132202e+00
1.186407808028370248e+01,-3.923796622890132202e+00,2.008242417251719036e+00,1.961898311445066101e+00
2.008242417251719036e+00,1.961898311445066101e+00,2.966019520070925619e+00,-9.809491557225330505e-01
2.966019520070925619e+00,-9.809491557225330505e-01,5.020606043129297591e-01,4.904745778612665252e-01
5.020606043129297591e-01,4.904745778612665252e-01,7.415048800177314048e-01,-2.452372889306332626e-01
7.415048800177314048e-01,-2.452372889306332626e-01,1.255151510782324398e-01,1.226186444653166313e-01
1.255151510782324398e-01,1.226186444653166313e-01,1.853762200044328512e-01,-6.130932223265831565e-02
1.853762200044328512e-01,-6.130932223265831565e-02,3.137878776955810994e-02,3.065466111632915783e-02
3.137878776955810994e-02,3.065466111632915783e-02,4.634405500110821280e-02,-1.532733055816457891e-02
4.634405500110821280e-02,-1.532733055816457891e-02,7.844696942389527486e-03,7.663665279082289457e-03
7.603951008147872059e+00,5.959839665362443029e+00,9.761815169436378170e+00,-2.979919832681221514e+00
9.761815169436378170e+00,-2.979919832681221514e+00,1.900987752036967571e+00,1.489959916340610757e+00
1.900987752036967571e+00,1.489959916340610757e+00,2.440453792359094543e+00,-7.449799581703053786e-01
2.440453792359094543e+00,-7.449799581703053786e-01,4.752469380092418927e-01,3.724899790851526893e-01
4.752469380092418927e-01,3.724899790851526893e-01,6.101134480897736356e-01,-1.862449895425763446e-01
6.101134480897736356e-01,-1.862449895425763446e-01,1.188117345023104732e-01,9.312249477128817232e-02
1.188117345023104732e-01,9.312249477128817232e-02,1.525283620224434089e-01,-4.656124738564408616e-02
1.525283620224434089e-01,-4.656124738564408616e-02,2.970293362557761829e-02,2.328062369282204308e-02
2.970293362557761829e-02,2.328062369282204308e-02,3.813209050561085223e-02,-1.164031184641102154e-02
3.813209050561085223e-02,-1.164031184641102154e-02,7.425733406394404573e-03,5.820155923205510770e-03
3.629668799570685334e+00,1.629554898197449253e+00,3.444389297982791920e+00,-8.147774490987246265e-01
3.444389297982791920e+00,-8.147774490987246265e-01,9.074171998926713334e-01,4.073887245493623133e-01
9.074171998926713334e-01,4.073887245493623133e-01,8.610973244956979800e-01,-2.036943622746811566e-01
8.610973244956979800e-01,-2.036943622746811566e-01,2.268542999731678333e-01,1.018471811373405783e-01
2.268542999731678333e-01,1.018471811373405783e-01,2.152743311239244950e-01,-5.092359056867028916e-02
2.152743311239244950e-01,-5.092359056867028916e-02,5.671357499329195834e-02,2.546179528433514458e-02
5.671357499329195834e-02,2.546179528433514458e-02,5.381858278098112375e-02,-1.273089764216757229e-02
5.381858278098112375e-02,-1.273089764216757229e-02,1.417839374832298958e-02,6.365448821083786145e-03
1.796796592595014896e+00,4.529852537960275427e+00,5.428250834257783097e+00,-2.264926268980137714e+00
5.428250834257783097e+00,-2.264926268980137714e+00,4.491991481487538351e-01,1.132463134490068857e+00
4.491991481487538351e-01,1.132463134490068857e+00,1.357062708564445774e+00,-5.662315672450344284e-01
1.357062708564445774e+00,-5.662315672450344284e-01,1.122997870371884588e-01,2.831157836225172142e-01
1.122997870371884588e-01,2.831157836225172142e-01,3.392656771411114436e-01,-1.415578918112586071e-01
3.392656771411114436e-01,-1.415578918112586071e-01,2.807494675929711470e-02,7.077894590562930355e-02
2.807494675929711470e-02,7.077894590562930355e-02,8.481641928527786090e-02,-3.538947295281465177e-02
8.481641928527786090e-02,-3.538947295281465177e-02,7.018736689824278674e-03,1.769473647640732589e-02
6.293719972203184021e+00,7.990460109910395126e+00,1.113732009601198669e+01,-3.995230054955197563e+00
1.113732009601198669e+01,-3.995230054955197563e+00,1.573429993050795783e+00,1.997615027477598781e+00
1.573429993050795783e+00,1.997615027477598781e+00,2.784330024002996673e+00,-9.988075137387993907e-01
2.784330024002996673e+00,-9.988075137387993907e-01,3.933574982626989458e-01,4.994037568693996954e-01
3.933574982626989458e-01,4.994037568693996954e-01,6.960825060007491683e-01,-2.497018784346998477e-01
6.960825060007491683e-01,-2.497018784346998477e-01,9.833937456567473645e-02,1.248509392173499238e-01
9.833937456567473645e-02,1.248509392173499238e-01,1.740206265001872921e-01,-6.242546960867496192e-02
1.740206265001872921e-01,-6.242546960867496192e-02,2.458484364141868411e-02,3.121273480433748096e-02
2.458484364141868411e-02,3.121273480433748096e-02,4.350515662504682302e-02,-1.560636740216874048e-02
4.350515662504682302e-02,-1.560636740216874048e-02,6.146210910354671028e-03,7.803183701084370240e-03
2.368568088598348886e+00,6.021008880616848025e+00,7.205292924916022912e+00,-3.010504440308424012e+00
7.205292924916022912e+00,-3.010504440308424012e+00,5.921420221495874436e-01,1.505252220154212006e+00
5.921420221495874436e-01,1.505252220154212006e+00,1.801323231229005728e+00,-7.526261100771060031e-01
1.801323231229005728e+00,-7.526261100771060031e-01,1.480355055373968609e-01,3.763130550385530015e-01
1.480355055373968609e-01,3.763130550385530015e-01,4.503308078072514320e-01,-1.881565275192765008e-01
4.503308078072514320e-01,-1.881565275192765008e-01,3.700887638434921523e-02,9.407826375963825039e-02
3.700887638434921523e-02,9.407826375963825039e-02,1.125827019518128580e-01,-4.703913187981912519e-02
1.125827019518128580e-01,-4.703913187981912519e-02,9.252219096087303807e-03,2.351956593990956260e-02
3.014075741885103632e+00,6.500706643501382942e+00,8.007744514443935202e+00,-3.250353321750691471e+00
8.007744514443935202e+00,-3.250353321750691471e+00,7.535189354712761300e-01,1.625176660875345735e+00
7.535189354712761300e-01,1.625176660875345735e+00,2.001936128610983801e+00,-8.125883304376728677e-01
2.001936128610983801e+00,-8.125883304376728677e-01,1.883797338678190325e-01,4.062941652188364339e-01
1.883797338678190325e-01,4.062941652188364339e-01,5.004840321527459501e-01,-2.031470826094182169e-01
5.004840321527459501e-01,-2.031470826094182169e-01,4.709493346695475813e-02,1.015735413047091085e-01
4.709493346695475813e-02,1.015735413047091085e-01,1.251210080381864875e-01,-5.078677065235455423e-02
1.251210080381864875e-01,-5.078677065235455423e-02,1.177373336673868953e-02,2.539338532617727712e-02
6.567742386106769636e+00,8.148821695002489207e+00,1.143269288805587358e+01,-4.074410847501244604e+00
1.143269288805587358e+01,-4.074410847501244604e+00,1.641935596526692187e+00,2.037205423750622302e+00
1.641935596526692187e+00,2.037205423750622302e+00,2.858173222013968395e+00,-1.018602711875311151e+00
2.858173222013968395e+00,-1.018602711875311151e+00,4.104838991316730468e-01,5.093013559376555754e-01
4.104838991316730468e-01,5.093013559376555754e-01,7.145433055034920988e-01,-2.546506779688277877e-01
7.145433055034920988e-01,-2.546506779688277877e-01,1.026209747829182617e-01,1.273253389844138939e-01
1.026209747829182617e-01,1.273253389844138939e-01,1.786358263758730247e-01,-6.366266949220694693e-02
1.786358263758730247e-01,-6.366266949220694693e-02,2.565524369572956542e-02,3.183133474610347347e-02
2.565524369572956542e-02,3.183133474610347347e-02,4.465895659396825618e-02,-1.591566737305173673e-02
4.465895659396825618e-02,-1.591566737305173673e-02,6.413810923932391356e-03,7.957833686525868366e-03
1.223630900713287062e+00,5.003562053726285264e+00,5.615377504082928795e+00,-2.501781026863142632e+00
5.615377504082928795e+00,-2.501781026863142632e+00,3.059077251783217655e-01,1.250890513431571316e+00
3.059077251783217655e-01,1.250890513431571316e+00,1.403844376020732199e+00,-6.254452567157856580e-01
1.403844376020732199e+00,-6.254452567157856580e-01,7.647693129458044137e-02,3.127226283578928290e-01
7.647693129458044137e-02,3.127226283578928290e-01,3.509610940051830497e-01,-1.563613141789464145e-01
3.509610940051830497e-01,-1.563613141789464145e-01,1.911923282364511034e-02,7.818065708947320724e-02
1.911923282364511034e-02,7.818065708947320724e-02,8.774027350129576241e-02,-3.909032854473660362e-02
8.774027350129576241e-02,-3.909032854473660362e-02,4.779808205911277585e-03,1.954516427236830181e-02
6.469426512165899368e+00,2.984994132504781739e+00,6.219707388587731423e+00,-1.492497066252390869e+00
6.219707388587731423e+00,-1.492497066252390869e+00,1.617356628041474842e+00,7.462485331261954347e-01
1.617356628041474842e+00,7.462485331261954347e-01,1.554926847146932856e+00,-3.731242665630977173e-01
1.554926847146932856e+00,-3.731242665630977173e-01,4.043391570103687105e-01,1.865621332815488587e-01
4.043391570103687105e-01,1.865621332815488587e-01,3.887317117867332139e-01,-9.328106664077442933e-02
3.887317117867332139e-01,-9.328106664077442933e-02,1.010847892525921776e-01,4.664053332038721467e-02
1.010847892525921776e-01,4.664053332038721467e-02,9.718292794668330348e-02,-2.332026666019360733e-02
9.718292794668330348e-02,-2.332026666019360733e-02,2.527119731314804441e-02,1.166013333009680367e-02
7.636515869530018819e+00,5.432006169598234457e+00,9.250264104363242978e+00,-2.716003084799117229e+00
9.250264104363242978e+00,-2.716003084799117229e+00,1.909128967382504261e+00,1.358001542399558614e+00
1.909128967382504261e+00,1.358001542399558614e+00,2.312566026090810745e+00,-6.790007711997793072e-01
2.312566026090810745e+00,-6.790007711997793072e-01,4.772822418456260651e-01,3.395003855998896536e-01
4.772822418456260651e-01,3.395003855998896536e-01,5.781415065227026862e-01,-1.697501927999448268e-01
5.781415065227026862e-01,-1.697501927999448268e-01,1.193205604614065163e-01,8.487509639997241340e-02
1.193205604614065163e-01,8.487509639997241340e-02,1.445353766306756715e-01,-4.243754819998620670e-02
1.445353766306756715e-01,-4.243754819998620670e-02,2.983014011535162907e-02,2.121877409999310335e-02
2.983014011535162907e-02,2.121877409999310335e-02,3.613384415766891788e-02,-1.060938704999655167e-02
3.613384415766891788e-02,-1.060938704999655167e-02,7.457535028837907268e-03,5.304693524998275837e-03
5.503280068235212319e+00,1.855851521101410162e+00,4.607491555219016099e+00,-9.279257605507050810e-01
4.607491555219016099e+00,-9.279257605507050810e-01,1.375820017058802858e+00,4.639628802753525405e-01
1.375820017058802858e+00,4.639628802753525405e-01,1.151872888804754025e+00,-2.319814401376762703e-01
1.151872888804754025e+00,-2.319814401376762703e-01,3.439550042647007144e-01,1.159907200688381351e-01
3.439550042647007144e-01,1.159907200688381351e-01,2.879682222011885062e-01,-5.799536003441906756e-02
2.879682222011885062e-01,-5.799536003441906756e-02,8.598875106617517861e-02,2.899768001720953378e-02
8.598875106617517861e-02,2.899768001720953378e-02,7.199205555029712655e-02,-1.449884000860476689e-02
7.199205555029712655e-02,-1.449884000860476689e-02,2.149718776654379465e-02,7.249420004302383445e-03
4.352527951994872524e+00,7.299015481545517048e+00,9.475279457542953310e+00,-3.649507740772758524e+00
9.475279457542953310e+00,-3.649507740772758524e+00,1.088131987998718131e+00,1.824753870386379262e+00
1.088131987998718131e+00,1.824753870386379262e+00,2.368819864385738327e+00,-9.123769351931896310e-01
2.368819864385738327e+00,-9.123769351931896310e-01,2.720329969996795327e-01,4.561884675965948155e-01
2.720329969996795327e-01,4.561884675965948155e-01,5.922049660964345819e-01,-2.280942337982974077e-01
5.922049660964345819e-01,-2.280942337982974077e-01,6.800824924991988318e-02,1.140471168991487039e-01
6.800824924991988318e-02,1.140471168991487039e-01,1.480512415241086455e-01,-5.702355844957435194e-02
1.480512415241086455e-01,-5.702355844957435194e-02,1.700206231247997080e-02,2.851177922478717597e-02
1.700206231247997080e-02,2.851177922478717597e-02,3.701281038102716137e-02,-1.425588961239358798e-02
3.701281038102716137e-02,-1.425588961239358798e-02,4.250515578119992699e-03,7.127944806196793992e-03
9.241139638192031214e+00,6.267255456675142611e+00,1.088782527577115822e+01,-3.133627728337571305e+00
1.088782527577115822e+01,-3.133627728337571305e+00,2.310284909548007803e+00,1.566813864168785653e+00
2.310284909548007803e+00,1.566813864168785653e+00,2.721956318942789554e+00,-7.834069320843928264e-01
2.721956318942789554e+00,-7.834069320843928264e-01,5.775712273870019509e-01,3.917034660421964132e-01
5.775712273870019509e-01,3.917034660421964132e-01,6.804890797356973886e-01,-1.958517330210982066e-01
6.804890797356973886e-01,-1.958517330210982066e-01,1.443928068467504877e-01,9.792586651054910329e-02
1.443928068467504877e-01,9.792586651054910329e-02,1.701222699339243472e-01,-4.896293325527455165e-02
1.701222699339243472e-01,-4.896293325527455165e-02,3.609820171168762193e-02,2.448146662763727582e-02
3.609820171168762193e-02,2.448146662763727582e-02,4.253056748348108679e-02,-1.224073331381863791e-02
4.253056748348108679e-02,-1.224073331381863791e-02,9.024550427921905482e-03,6.120366656909318956e-03
2.460042677231290220e+00,7.542743107578956163e+00,8.772764446194601717e+00,-3.771371553789478082e+00
8.772764446194601717e+00,-3.771371553789478082e+00,6.150106693078227771e-01,1.885685776894739041e+00
6.150106693078227771e-01,1.885685776894739041e+00,2.193191111548650429e+00,-9.428428884473695204e-01
2.193191111548650429e+00,-9.428428884473695204e-01,1.537526673269556943e-01,4.714214442236847602e-01
1.537526673269556943e-01,4.714214442236847602e-01,5.482977778871626073e-01,-2.357107221118423801e-01
5.482977778871626073e-01,-2.357107221118423801e-01,3.843816683173892357e-02,1.178553610559211900e-01
3.843816683173892357e-02,1.178553610559211900e-01,1.370744444717906518e-01,-5.892768052796059502e-02
1.370744444717906518e-01,-5.892768052796059502e-02,9.609541707934730892e-03,2.946384026398029751e-02
5.303692318795436123e+00,2.503516032172934835e+00,5.155362191570652897e+00,-1.251758016086467418e+00
5.155362191570652897e+00,-1.251758016086467418e+00,1.325923079698859031e+00,6.258790080432337088e-01
1.325923079698859031e+00,6.258790080432337088e-01,1.288840547892663224e+00,-3.129395040216168544e-01
1.288840547892663224e+00,-3.129395040216168544e-01,3.314807699247147577e-01,1.564697520108084272e-01
3.314807699247147577e-01,1.564697520108084272e-01,3.222101369731658060e-01,-7.823487600540421361e-02
3.222101369731658060e-01,-7.823487600540421361e-02,8.287019248117868941e-02,3.911743800270210680e-02
8.287019248117868941e-02,3.911743800270210680e-02,8.055253424329145151e-02,-1.955871900135105340e-02
8.055253424329145151e-02,-1.955871900135105340e-02,2.071754812029467235e-02,9.779359500675526701e-03
9.355470987363592172e+00,4.502615046026517298e+00,9.180350539708314273e+00,-2.251307523013258649e+00
9.180350539708314273e+00,-2.251307523013258649e+00,2.338867746840898487e+00,1.125653761506629325e+00
2.338867746840898487e+00,1.125653761506629325e+00,2.295087634927078568e+00,-5.628268807533146623e-01
2.295087634927078568e+00,-5.628268807533146623e-01,5.847169367102246218e-01,2.814134403766573311e-01
5.847169367102246218e-01,2.814134403766573311e-01,5.737719087317696420e-01,-1.407067201883286656e-01
5.737719087317696420e-01,-1.407067201883286656e-01,1.461792341775561554e-01,7.035336009416433278e-02
1.461792341775561554e-01,7.035336009416433278e-02,1.434429771829424105e-01,-3.517668004708216639e-02
1.434429771829424105e-01,-3.517668004708216639e-02,3.654480854438903886e-02,1.758834002354108320e-02
3.654480854438903886e-02,1.758834002354108320e-02,3.586074429573560263e-02,-8.794170011770541598e-03
3.586074429573560263e-02,-8.794170011770541598e-03,9.136202136097259716e-03,4.397085005885270799e-03
1.710970516914973150e+00,9.456056375522706503e+00,1.031154163398019286e+01,-4.728028187761353252e+00
1.031154163398019286e+01,-4.728028187761353252e+00,4.277426292287431764e-01,2.364014093880676626e+00
4.277426292287431764e-01,2.364014093880676626e+00,2.577885408495048214e+00,-1.182007046940338313e+00
2.577885408495048214e+00,-1.182007046940338313e+00,1.069356573071857941e-01,5.910035234701691564e-01
1.069356573071857941e-01,5.910035234701691564e-01,6.444713521237620535e-01,-2.955017617350845782e-01
6.444713521237620535e-01,-2.955017617350845782e-01,2.673391432679644852e-02,1.477508808675422891e-01
2.673391432679644852e-02,1.477508808675422891e-01,1.611178380309405134e-01,-7.387544043377114455e-02
1.611178380309405134e-01,-7.387544043377114455e-02,6.683478581699112131e-03,3.693772021688557228e-02
6.683478581699112131e-03,3.693772021688557228e-02,4.027945950773512834e-02,-1.846886010844278614e-02
4.027945950773512834e-02,-1.846886010844278614e-02,1.670869645424778033e-03,9.234430054221393069e-03
7.492220474496338767e+00,1.590542318435077762e+00,5.336652555683246923e+00,-7.952711592175388811e-01
5.336652555683246923e+00,-7.952711592175388811e-01,1.873055118624084692e+00,3.976355796087694405e-01
1.873055118624084692e+00,3.976355796087694405e-01,1.334163138920811731e+00,-1.988177898043847203e-01
1.334163138920811731e+00,-1.988177898043847203e-01,4.682637796560211729e-01,9.940889490219236013e-02
4.682637796560211729e-01,9.940889490219236013e-02,3.335407847302029327e-01,-4.970444745109618007e-02
3.335407847302029327e-01,-4.970444745109618007e-02,1.170659449140052932e-01,2.485222372554809003e-02
1.170659449140052932e-01,2.485222372554809003e-02,8.338519618255073318e-02,-1.242611186277404502e-02
8.338519618255073318e-02,-1.242611186277404502e-02,2.926648622850132331e-02,6.213055931387022508e-03
4.951655352363214746e+00,9.858686671391435397e+00,1.233451434757304277e+01,-4.929343335695717698e+00
1.233451434757304277e+01,-4.929343335695717698e+00,1.237913838090803686e+00,2.464671667847858849e+00
1.237913838090803686e+00,2.464671667847858849e+00,3.083628586893260692e+00,-1.232335833923929425e+00
3.083628586893260692e+00,-1.232335833923929425e+00,3.094784595227009216e-01,6.161679169619647123e-01
3.094784595227009216e-01,6.161679169619647123e-01,7.709071467233151731e-01,-3.080839584809823561e-01
7.709071467233151731e-01,-3.080839584809823561e-01,7.736961488067523041e-02,1.540419792404911781e-01
7.736961488067523041e-02,1.540419792404911781e-01,1.927267866808287933e-01,-7.702098962024558904e-02
1.927267866808287933e-01,-7.702098962024558904e-02,1.934240372016880760e-02,3.851049481012279452e-02
1.934240372016880760e-02,3.851049481012279452e-02,4.818169667020719832e-02,-1.925524740506139726e-02
4.818169667020719832e-02,-1.925524740506139726e-02,4.835600930042201900e-03,9.627623702530698629e-03
7.534460067803925298e+00,2.402504197979968836e+00,6.169734231881931485e+00,-1.201252098989984418e+00
6.169734231881931485e+00,-1.201252098989984418e+00,1.883615016950981325e+00,6.006260494949922091e-01
1.883615016950981325e+00,6.006260494949922091e-01,1.542433557970482871e+00,-3.003130247474961045e-01
1.542433557970482871e+00,-3.003130247474961045e-01,4.709037542377453311e-01,1.501565123737480523e-01
4.709037542377453311e-01,1.501565123737480523e-01,3.856083894926207178e-01,-7.507825618687402613e-02
3.856083894926207178e-01,-7.507825618687402613e-02,1.177259385594363328e-01,3.753912809343701307e-02
1.177259385594363328e-01,3.753912809343701307e-02,9.640209737315517946e-02,-1.876956404671850653e-02
9.640209737315517946e-02,-1.876956404671850653e-02,2.943148463985908320e-02,9.384782023359253267e-03
1.960420106266924201e+00,8.081781053999177900e+00,9.061991107132639556e+00,-4.040890526999588950e+00
9.061991107132639556e+00,-4.040890526999588950e+00,4.901050265667308281e-01,2.020445263499794475e+00
4.901050265667308281e-01,2.020445263499794475e+00,2.265497776783159889e+00,-1.010222631749897237e+00
2.265497776783159889e+00,-1.010222631749897237e+00,1.225262566416827070e-01,5.051113158749486187e-01
1.225262566416827070e-01,5.051113158749486187e-01,5.663744441957899722e-01,-2.525556579374743094e-01
5.663744441957899722e-01,-2.525556579374743094e-01,3.063156416042067676e-02,1.262778289687371547e-01
3.063156416042067676e-02,1.262778289687371547e-01,1.415936110489474931e-01,-6.313891448436857734e-02
1.415936110489474931e-01,-6.313891448436857734e-02,7.657891040105169189e-03,3.156945724218428867e-02
7.657891040105169189e-03,3.156945724218428867e-02,3.539840276223687326e-02,-1.578472862109214434e-02
3.539840276223687326e-02,-1.578472862109214434e-02,1.914472760026292297e-03,7.892364310546072168e-03
2.717503041426064581e+00,7.619617162343924832e+00,8.978368683056956456e+00,-3.809808581171962416e+00
8.978368683056956456e+00,-3.809808581171962416e+00,6.793757603565158121e-01,1.904904290585981208e+00
6.793757603565158121e-01,1.904904290585981208e+00,2.244592170764239114e+00,-9.524521452929906040e-01
2.244592170764239114e+00,-9.524521452929906040e-01,1.698439400891289530e-01,4.762260726464953020e-01
1.698439400891289530e-01,4.762260726464953020e-01,5.611480426910597785e-01,-2.381130363232476510e-01
5.611480426910597785e-01,-2.381130363232476510e-01,4.246098502228223825e-02,1.190565181616238255e-01
4.246098502228223825e-02,1.190565181616238255e-01,1.402870106727649446e-01,-5.952825908081191275e-02
1.402870106727649446e-01,-5.952825908081191275e-02,1.061524625557055956e-02,2.976412954040595638e-02
7.460819825412162487e+00,5.912450271200963670e+00,9.642860183907044913e+00,-2.956225135600481835e+00
9.642860183907044913e+00,-2.956225135600481835e+00,1.865204956353040622e+00,1.478112567800240917e+00
1.865204956353040622e+00,1.478112567800240917e+00,2.410715045976761228e+00,-7.390562839001204587e-01
2.410715045976761228e+00,-7.390562839001204587e-01,4.663012390882601554e-01,3.695281419500602293e-01
4.663012390882601554e-01,3.695281419500602293e-01,6.026787614941903071e-01,-1.847640709750301147e-01
6.026787614941903071e-01,-1.847640709750301147e-01,1.165753097720650389e-01,9.238203548751505734e-02
1.165753097720650389e-01,9.238203548751505734e-02,1.506696903735475768e-01,-4.619101774375752867e-02
1.506696903735475768e-01,-4.619101774375752867e-02,2.914382744301625972e-02,2.309550887187876433e-02
2.914382744301625972e-02,2.309550887187876433e-02,3.766742259338689419e-02,-1.154775443593938217e-02
3.766742259338689419e-02,-1.154775443593938217e-02,7.285956860754064929e-03,5.773877217969691084e-03
3.441182462672451425e+00,2.744467174034395107e+00,4.465058405370620598e+00,-1.372233587017197554e+00
4.465058405370620598e+00,-1.372233587017197554e+00,8.602956156681127453e-01,6.861167935085987768e-01
8.602956156681127453e-01,6.861167935085987768e-01,1.116264601342655149e+00,-3.430583967542993884e-01
1.116264601342655149e+00,-3.430583967542993884e-01,2.150739039170281863e-01,1.715291983771496942e-01
2.150739039170281863e-01,1.715291983771496942e-01,2.790661503356637874e-01,-8.576459918857484710e-02
2.790661503356637874e-01,-8.576459918857484710e-02,5.376847597925704658e-02,4.288229959428742355e-02
5.376847597925704658e-02,4.288229959428742355e-02,6.976653758391594684e-02,-2.144114979714371177e-02
6.976653758391594684e-02,-2.144114979714371177e-02,1.344211899481426165e-02,1.072057489857185589e-02
3.649820344415204865e+00,1.012207302058940606e+00,2.837117474266543038e+00,-5.061036510294703028e-01
2.837117474266543038e+00,-5.061036510294703028e-01,9.124550861038012162e-01,2.530518255147351514e-01
9.124550861038012162e-01,2.530518255147351514e-01,7.092793685666357595e-01,-1.265259127573675757e-01
7.092793685666357595e-01,-1.265259127573675757e-01,2.281137715259503040e-01,6.326295637868378785e-02
2.281137715259503040e-01,6.326295637868378785e-02,1.773198421416589399e-01,-3.163147818934189393e-02
1.773198421416589399e-01,-3.163147818934189393e-02,5.702844288148757601e-02,1.581573909467094696e-02
5.702844288148757601e-02,1.581573909467094696e-02,4.432996053541473497e-02,-7.907869547335473481e-03
4.432996053541473497e-02,-7.907869547335473481e-03,1.425711072037189400e-02,3.953934773667736741e-03
7.987198624575785999e+00,6.503593179003445357e+00,1.049719249129133836e+01,-3.251796589501722679e+00
1.049719249129133836e+01,-3.251796589501722679e+00,1.996799656143946500e+00,1.625898294750861339e+00
1.996799656143946500e+00,1.625898294750861339e+00,2.624298122822834589e+00,-8.129491473754306696e-01
2.624298122822834589e+00,-8.129491473754306696e-01,4.991999140359866249e-01,4.064745736877153348e-01
4.991999140359866249e-01,4.064745736877153348e-01,6.560745307057086473e-01,-2.032372868438576674e-01
6.560745307057086473e-01,-2.032372868438576674e-01,1.247999785089966562e-01,1.016186434219288337e-01
1.247999785089966562e-01,1.016186434219288337e-01,1.640186326764271618e-01,-5.080932171096441685e-02
1.640186326764271618e-01,-5.080932171096441685e-02,3.119999462724916406e-02,2.540466085548220843e-02
3.119999462724916406e-02,2.540466085548220843e-02,4.100465816910679046e-02,-1.270233042774110421e-02
4.100465816910679046e-02,-1.270233042774110421e-02,7.799998656812291015e-03,6.351165213870552106e-03
6.758269467827470400e+00,8.593126370513672896e+00,1.197226110442740854e+01,-4.296563185256836448e+00
1.197226110442740854e+01,-4.296563185256836448e+00,1.689567366956867822e+00,2.148281592628418224e+00
1.689567366956867822e+00,2.148281592628418224e+00,2.993065276106852135e+00,-1.074140796314209112e+00
2.993065276106852135e+00,-1.074140796314209112e+00,4.223918417392169555e-01,5.370703981571045560e-01
4.223918417392169555e-01,5.370703981571045560e-01,7.482663190267130338e-01,-2.685351990785522780e-01
7.482663190267130338e-01,-2.685351990785522780e-01,1.055979604348042389e-01,1.342675995392761390e-01
1.055979604348042389e-01,1.342675995392761390e-01,1.870665797566782584e-01,-6.713379976963806950e-02
1.870665797566782584e-01,-6.713379976963806950e-02,2.639949010870105972e-02,3.356689988481903475e-02
2.639949010870105972e-02,3.356689988481903475e-02,4.676664493916956461e-02,-1.678344994240951737e-02
4.676664493916956461e-02,-1.678344994240951737e-02,6.599872527175264930e-03,8.391724971204758687e-03
4.101721368276711743e+00,1.871837605926472747e+00,3.922698290064828619e+00,-9.359188029632363737e-01
3.922698290064828619e+00,-9.359188029632363737e-01,1.025430342069177936e+00,4.679594014816181868e-01
1.025430342069177936e+00,4.679594014816181868e-01,9.806745725162071547e-01,-2.339797007408090934e-01
9.806745725162071547e-01,-2.339797007408090934e-01,2.563575855172944840e-01,1.169898503704045467e-01
2.563575855172944840e-01,1.169898503704045467e-01,2.451686431290517887e-01,-5.849492518520227335e-02
2.451686431290517887e-01,-5.849492518520227335e-02,6.408939637932362099e-02,2.924746259260113668e-02
6.408939637932362099e-02,2.924746259260113668e-02,6.129216078226294717e-02,-1.462373129630056834e-02
6.129216078226294717e-02,-1.462373129630056834e-02,1.602234909483090525e-02,7.311865648150284169e-03
2.194335279880131662e+00,9.289655438726860837e+00,1.038682307866692689e+01,-4.644827719363430418e+00
1.038682307866692689e+01,-4.644827719363430418e+00,5.485838199700330264e-01,2.322413859681715209e+00
5.485838199700330264e-01,2.322413859681715209e+00,2.596705769666731722e+00,-1.161206929840857605e+00
2.596705769666731722e+00,-1.161206929840857605e+00,1.371459549925082566e-01,5.806034649204288023e-01
1.371459549925082566e-01,5.806034649204288023e-01,6.491764424166829306e-01,-2.903017324602144011e-01
6.491764424166829306e-01,-2.903017324602144011e-01,3.428648874812706415e-02,1.451508662301072006e-01
3.428648874812706415e-02,1.451508662301072006e-01,1.622941106041707326e-01,-7.257543311505360029e-02
1.622941106041707326e-01,-7.257543311505360029e-02,8.571622187031766038e-03,3.628771655752680014e-02
8.571622187031766038e-03,3.628771655752680014e-02,4.057352765104268316e-02,-1.814385827876340007e-02
4.057352765104268316e-02,-1.814385827876340007e-02,2.142905546757941510e-03,9.071929139381700036e-03
2.152858135455016253e+00,3.789712965547078483e+00,4.866142033274586609e+00,-1.894856482773539241e+00
4.866142033274586609e+00,-1.894856482773539241e+00,5.382145338637540632e-01,9.474282413867696206e-01
5.382145338637540632e-01,9.474282413867696206e-01,1.216535508318646652e+00,-4.737141206933848103e-01
1.216535508318646652e+00,-4.737141206933848103e-01,1.345536334659385158e-01,2.368570603466924052e-01
1.345536334659385158e-01,2.368570603466924052e-01,3.041338770796616631e-01,-1.184285301733462026e-01
3.041338770796616631e-01,-1.184285301733462026e-01,3.363840836648462895e-02,5.921426508667310129e-02
3.363840836648462895e-02,5.921426508667310129e-02,7.603346926991541577e-02,-2.960713254333655065e-02
7.603346926991541577e-02,-2.960713254333655065e-02,8.409602091621157238e-03,1.480356627166827532e-02
3.954541472745106034e+00,5.621949549052930095e+00,7.599220285425483112e+00,-2.810974774526465048e+00
7.599220285425483112e+00,-2.810974774526465048e+00,9.886353681862765086e-01,1.405487387263232524e+00
9.886353681862765086e-01,1.405487387263232524e+00,1.899805071356370778e+00,-7.027436936316162619e-01
1.899805071356370778e+00,-7.027436936316162619e-01,2.471588420465691271e-01,3.513718468158081309e-01
2.471588420465691271e-01,3.513718468158081309e-01,4.749512678390926945e-01,-1.756859234079040655e-01
4.749512678390926945e-01,-1.756859234079040655e-01,6.178971051164228179e-02,8.784296170395203274e-02
6.178971051164228179e-02,8.784296170395203274e-02,1.187378169597731736e-01,-4.392148085197601637e-02
1.187378169597731736e-01,-4.392148085197601637e-02,1.544742762791057045e-02,2.196074042598800818e-02
1.823639965406744778e+00,1.984106284319277158e+00,2.895926267022649547e+00,-9.920531421596385790e-01
2.895926267022649547e+00,-9.920531421596385790e-01,4.559099913516861946e-01,4.960265710798192895e-01
4.559099913516861946e-01,4.960265710798192895e-01,7.239815667556623868e-01,-2.480132855399096448e-01
7.239815667556623868e-01,-2.480132855399096448e-01,1.139774978379215487e-01,1.240066427699548224e-01
1.139774978379215487e-01,1.240066427699548224e-01,1.809953916889155967e-01,-6.200332138497741119e-02
1.809953916889155967e-01,-6.200332138497741119e-02,2.849437445948038716e-02,3.100166069248870560e-02
2.849437445948038716e-02,3.100166069248870560e-02,4.524884792222889918e-02,-1.550083034624435280e-02
4.524884792222889918e-02,-1.550083034624435280e-02,7.123593614870096791e-03,7.750415173122176399e-03
9.699826559022817207e+00,1.727309061976291860e+00,6.577222341487700241e+00,-8.636545309881459298e-01
6.577222341487700241e+00,-8.636545309881459298e-01,2.424956639755704302e+00,4.318272654940729649e-01
2.424956639755704302e+00,4.318272654940729649e-01,1.644305585371925060e+00,-2.159136327470364825e-01
1.644305585371925060e+00,-2.159136327470364825e-01,6.062391599389260755e-01,1.079568163735182412e-01
6.062391599389260755e-01,1.079568163735182412e-01,4.110763963429812651e-01,-5.397840818675912061e-02
4.110763963429812651e-01,-5.397840818675912061e-02,1.515597899847315189e-01,2.698920409337956031e-02
1.515597899847315189e-01,2.698920409337956031e-02,1.027690990857453163e-01,-1.349460204668978015e-02
1.027690990857453163e-01,-1.349460204668978015e-02,3.788994749618287972e-02,6.747301023344890077e-03
3.788994749618287972e-02,6.747301023344890077e-03,2.569227477143632907e-02,-3.373650511672445038e-03
8.900156306102482873e+00,6.815869632123327193e+00,1.126594778517456774e+01,-3.407934816061663597e+00
1.126594778517456774e+01,-3.407934816061663597e+00,2.225039076525620274e+00,1.703967408030831798e+00
2.225039076525620274e+00,1.703967408030831798e+00,2.816486946293641935e+00,-8.519837040154158991e-01
2.816486946293641935e+00,-8.519837040154158991e-01,5.562597691314050685e-01,4.259918520077079496e-01
5.562597691314050685e-01,4.259918520077079496e-01,7.041217365734104838e-01,-2.129959260038539748e-01
7.041217365734104838e-01,-2.129959260038539748e-01,1.390649422828512671e-01,1.064979630019269874e-01
1.390649422828512671e-01,1.064979630019269874e-01,1.760304341433526210e-01,-5.324898150096349370e-02
1.760304341433526210e-01,-5.324898150096349370e-02,3.476623557071281678e-02,2.662449075048174685e-02
3.476623557071281678e-02,2.662449075048174685e-02,4.400760853583815524e-02,-1.331224537524087342e-02
4.400760853583815524e-02,-1.331224537524087342e-02,8.691558892678204196e-03,6.656122687620436712e-03
9.463792023050251245e+00,5.325041539745421382e+00,1.005693755127054700e+01,-2.662520769872710691e+00
1.005693755127054700e+01,-2.662520769872710691e+00,2.365948005762562811e+00,1.331260384936355345e+00
2.365948005762562811e+00,1.331260384936355345e+00,2.514234387817636751e+00,-6.656301924681776727e-01
2.514234387817636751e+00,-6.656301924681776727e-01,5.914870014406407028e-01,3.328150962340888364e-01
5.914870014406407028e-01,3.328150962340888364e-01,6.285585969544091878e-01,-1.664075481170444182e-01
6.285585969544091878e-01,-1.664075481170444182e-01,1.478717503601601757e-01,8.320377405852220909e-02
1.478717503601601757e-01,8.320377405852220909e-02,1.571396492386022969e-01,-4.160188702926110454e-02
1.571396492386022969e-01,-4.160188702926110454e-02,3.696793759004004393e-02,2.080094351463055227e-02
3.696793759004004393e-02,2.080094351463055227e-02,3.928491230965057424e-02,-1.040047175731527614e-02
3.928491230965057424e-02,-1.040047175731527614e-02,9.241984397510010982e-03,5.200235878657638068e-03
2.953851486783706459e+00,8.741547123180966494e+00,1.021847286657281906e+01,-4.370773561590483247e+00
1.021847286657281906e+01,-4.370773561590483247e+00,7.384628716959262817e-01,2.185386780795241624e+00
7.384628716959262817e-01,2.185386780795241624e+00,2.554618216643204764e+00,-1.092693390397620812e+00
2.554618216643204764e+00,-1.092693390397620812e+00,1.846157179239815704e-01,5.463466951988104059e-01
1.846157179239815704e-01,5.463466951988104059e-01,6.386545541608011911e-01,-2.731733475994052029e-01
6.386545541608011911e-01,-2.731733475994052029e-01,4.615392948099539261e-02,1.365866737997026015e-01
4.615392948099539261e-02,1.365866737997026015e-01,1.596636385402002978e-01,-6.829333689985130074e-02
1.596636385402002978e-01,-6.829333689985130074e-02,1.153848237024884815e-02,3.414666844992565037e-02
1.153848237024884815e-02,3.414666844992565037e-02,3.991590963505007444e-02,-1.707333422496282518e-02
3.991590963505007444e-02,-1.707333422496282518e-02,2.884620592562212038e-03,8.536667112481412592e-03
